episode_id,member,unit_id,q,truth_kg,lower_kg,upper_kg,covered,width_kg,scale_B_kg,width_over_B
849d4df4eab719ad50f20527,5-15-24_train-ready_all_carts.csv,5-15-24_Cart1,0.05,0.6640622690423292,0.5794986684839878,4.630020914118371,True,4.050522245634383,4.7756977327647405,0.8481529762331629
849d4df4eab719ad50f20527,5-15-24_train-ready_all_carts.csv,5-15-24_Cart1,0.15,0.6917584319792507,0.9368115209647093,4.620684968880893,False,3.6838734479161834,4.7756977327647405,0.7713791060607013
849d4df4eab719ad50f20527,5-15-24_train-ready_all_carts.csv,5-15-24_Cart1,0.25,1.640115085786883,1.0250254651330246,3.293041613552308,True,2.2680161484192833,4.7756977327647405,0.4749078093571652
849d4df4eab719ad50f20527,5-15-24_train-ready_all_carts.csv,5-15-24_Cart1,0.35,2.01353943187147,1.152835722507638,3.2695658785420254,True,2.1167301560343876,4.7756977327647405,0.4432295079129669
849d4df4eab719ad50f20527,5-15-24_train-ready_all_carts.csv,5-15-24_Cart1,0.45,2.233191362043838,1.8816477675491337,2.5083921199313304,True,0.6267443523821967,4.7756977327647405,0.13123618525567002
849d4df4eab719ad50f20527,5-15-24_train-ready_all_carts.csv,5-15-24_Cart1,0.55,2.5525686640797645,2.20254064019221,2.865152952712829,True,0.6626123125206194,4.7756977327647405,0.1387467024922075
849d4df4eab719ad50f20527,5-15-24_train-ready_all_carts.csv,5-15-24_Cart1,0.65,3.0889882344656776,2.505290811966015,2.895250352906768,False,0.38995954094075325,4.7756977327647405,0.08165498797491909
849d4df4eab719ad50f20527,5-15-24_train-ready_all_carts.csv,5-15-24_Cart1,0.75,3.2986129609307895,2.5088950789129334,3.8332537937037903,True,1.3243587147908569,4.7756977327647405,0.27731208901786186
849d4df4eab719ad50f20527,5-15-24_train-ready_all_carts.csv,5-15-24_Cart1,0.85,4.001295033727802,3.268544425903402,4.797159064526887,True,1.5286146386234845,4.7756977327647405,0.32008194910161136
849d4df4eab719ad50f20527,5-15-24_train-ready_all_carts.csv,5-15-24_Cart1,0.95,4.400086725844043,2.8012111641585906,5.454929970705205,True,2.6537188065466144,4.7756977327647405,0.5556714337970312
dc9021b93536f72ba16bf2fb,5-15-24_train-ready_all_carts.csv,5-15-24_Cart10,0.05,1.1975585056574427,0.883637199121211,1.7043005915334293,True,0.8206633924122183,4.761781565607184,0.17234377115061428
dc9021b93536f72ba16bf2fb,5-15-24_train-ready_all_carts.csv,5-15-24_Cart10,0.15,1.3598541276064766,1.4024636190393938,2.372462373665944,False,0.9699987546265503,4.761781565607184,0.20370500856917484
dc9021b93536f72ba16bf2fb,5-15-24_train-ready_all_carts.csv,5-15-24_Cart10,0.25,3.0385156069046597,2.1105525745429943,3.1980206835709657,True,1.0874681090279714,4.761781565607184,0.22837421121590365
dc9021b93536f72ba16bf2fb,5-15-24_train-ready_all_carts.csv,5-15-24_Cart10,0.35,3.9144369101982006,3.0651449698252824,4.66959023045258,True,1.6044452606272976,4.761781565607184,0.3369422218389204
dc9021b93536f72ba16bf2fb,5-15-24_train-ready_all_carts.csv,5-15-24_Cart10,0.45,5.1246817505887154,4.323771580606055,5.7416870031677325,True,1.417915422561678,4.761781565607184,0.2977699424103837
dc9021b93536f72ba16bf2fb,5-15-24_train-ready_all_carts.csv,5-15-24_Cart10,0.55,5.775869115642813,5.381642229340919,6.235112132983504,True,0.8534699036425852,4.761781565607184,0.1792333167499584
dc9021b93536f72ba16bf2fb,5-15-24_train-ready_all_carts.csv,5-15-24_Cart10,0.65,2.929267819110948,2.8865885519837966,6.203831164127397,True,3.3172426121436005,4.761781565607184,0.6966389714519826
dc9021b93536f72ba16bf2fb,5-15-24_train-ready_all_carts.csv,5-15-24_Cart10,0.75,3.6180059261614925,2.890182316259876,4.5176698901582135,True,1.6274875738983376,4.761781565607184,0.3417812328169685
dc9021b93536f72ba16bf2fb,5-15-24_train-ready_all_carts.csv,5-15-24_Cart10,0.85,4.608039920898876,4.277213184025634,5.243353569255835,True,0.9661403852302008,4.761781565607184,0.20289473003304517
dc9021b93536f72ba16bf2fb,5-15-24_train-ready_all_carts.csv,5-15-24_Cart10,0.95,5.783792917576789,4.174649391455143,5.709325043016431,False,1.5346756515612885,4.761781565607184,0.322290224869985
94e8919647b0de7960f4ba80,5-15-24_train-ready_all_carts.csv,5-15-24_Cart11,0.05,1.0064461183158473,0.7113696826931544,1.2697372378460878,True,0.5583675551529335,4.632838256961404,0.12052386122349905
94e8919647b0de7960f4ba80,5-15-24_train-ready_all_carts.csv,5-15-24_Cart11,0.15,1.5906359180947618,0.919812480695317,1.831698391812156,True,0.9118859111168391,4.632838256961404,0.1968309404600127
94e8919647b0de7960f4ba80,5-15-24_train-ready_all_carts.csv,5-15-24_Cart11,0.25,1.0475456781771313,0.8460171971033467,1.9054936754041265,True,1.05947647830078,4.632838256961404,0.22868842371278286
94e8919647b0de7960f4ba80,5-15-24_train-ready_all_carts.csv,5-15-24_Cart11,0.35,1.2001250090454807,1.1664936183532235,1.7721190136377618,True,0.6056253952845383,4.632838256961404,0.13072448501186337
94e8919647b0de7960f4ba80,5-15-24_train-ready_all_carts.csv,5-15-24_Cart11,0.45,1.6635671709350457,1.5815083015964413,1.984145434538851,True,0.40263713294240966,4.632838256961404,0.08690938699131107
94e8919647b0de7960f4ba80,5-15-24_train-ready_all_carts.csv,5-15-24_Cart11,0.55,2.418657988178204,1.6959564076304936,2.976154083555172,True,1.2801976759246783,4.632838256961404,0.2763311829419094
94e8919647b0de7960f4ba80,5-15-24_train-ready_all_carts.csv,5-15-24_Cart11,0.65,3.0391519401973817,2.147398575034836,3.911738758316682,True,1.764340183281846,4.632838256961404,0.3808335377628843
94e8919647b0de7960f4ba80,5-15-24_train-ready_all_carts.csv,5-15-24_Cart11,0.75,3.6269893040085743,2.1508950245034497,4.553185579655046,True,2.402290555151596,4.632838256961404,0.5185353819641474
94e8919647b0de7960f4ba80,5-15-24_train-ready_all_carts.csv,5-15-24_Cart11,0.85,4.2259658827556725,3.6751876391528175,4.571529783083373,True,0.8963421439305557,4.632838256961404,0.1934758120648163
94e8919647b0de7960f4ba80,5-15-24_train-ready_all_carts.csv,5-15-24_Cart11,0.95,4.6432251774623765,3.7794539609307236,5.395174898559781,True,1.6157209376290576,4.632838256961404,0.3487540138491216
6519717f005f2303e9fa667f,5-15-24_train-ready_all_carts.csv,5-15-24_Cart13,0.05,3.6414556166018803,2.828967037399477,3.705179698492004,True,0.8762126610925272,5.206353919278677,0.16829679170445705
6519717f005f2303e9fa667f,5-15-24_train-ready_all_carts.csv,5-15-24_Cart13,0.15,2.283188790134755,2.9190023457271344,3.6950018694506377,False,0.7759995237235033,5.206353919278677,0.1490485540850468
6519717f005f2303e9fa667f,5-15-24_train-ready_all_carts.csv,5-15-24_Cart13,0.25,3.6799420314233258,3.1434056501486967,3.962653896222411,True,0.8192482460737143,5.206353919278677,0.15735546579730375
6519717f005f2303e9fa667f,5-15-24_train-ready_all_carts.csv,5-15-24_Cart13,0.35,3.9540354937908457,3.811019179273186,4.0899172802903685,True,0.2788981010171825,5.206353919278677,0.05356879408148705
6519717f005f2303e9fa667f,5-15-24_train-ready_all_carts.csv,5-15-24_Cart13,0.45,4.021271889578705,3.8736896410320876,4.5617878515563905,True,0.688098210524303,5.206353919278677,0.13216508543077238
6519717f005f2303e9fa667f,5-15-24_train-ready_all_carts.csv,5-15-24_Cart13,0.55,4.42609032000412,3.477389770006616,6.176676143402188,True,2.6992863733955725,5.206353919278677,0.5184600231268084
6519717f005f2303e9fa667f,5-15-24_train-ready_all_carts.csv,5-15-24_Cart13,0.65,4.322107113484997,3.511591211748318,6.142474701660487,True,2.630883489912169,5.206353919278677,0.5053216763021499
6519717f005f2303e9fa667f,5-15-24_train-ready_all_carts.csv,5-15-24_Cart13,0.75,3.4558935832465356,4.291938131553194,5.663298833075571,False,1.3713607015223772,5.206353919278677,0.263401359720158
6519717f005f2303e9fa667f,5-15-24_train-ready_all_carts.csv,5-15-24_Cart13,0.85,5.128657805047489,4.65851132476802,5.454698145392593,True,0.7961868206245724,5.206353919278677,0.15292598869937782
6519717f005f2303e9fa667f,5-15-24_train-ready_all_carts.csv,5-15-24_Cart13,0.95,5.407338659217004,4.473545134156241,5.964173931977985,True,1.4906287978217438,5.206353919278677,0.2863095404064012
0f9c3d02ce628d7cf0f76713,5-15-24_train-ready_all_carts.csv,5-15-24_Cart16,0.05,2.476422054523685,0.5754098797196159,2.9374223864567526,True,2.3620125067371367,4.0928388797733195,0.5771085977535367
0f9c3d02ce628d7cf0f76713,5-15-24_train-ready_all_carts.csv,5-15-24_Cart16,0.15,3.465024415685245,2.9272887340248777,3.4306981601670152,False,0.5034094261421376,4.0928388797733195,0.1229976163073438
0f9c3d02ce628d7cf0f76713,5-15-24_train-ready_all_carts.csv,5-15-24_Cart16,0.25,3.46720922004888,3.36234735598999,3.951751857694348,True,0.5894045017043577,4.0928388797733195,0.1440087232891517
0f9c3d02ce628d7cf0f76713,5-15-24_train-ready_all_carts.csv,5-15-24_Cart16,0.35,4.279472303519279,3.839566794179982,4.848382729713061,True,1.0088159355330788,4.0928388797733195,0.2464831783431826
0f9c3d02ce628d7cf0f76713,5-15-24_train-ready_all_carts.csv,5-15-24_Cart16,0.45,4.97245420810893,4.08880351232509,6.209018118873248,True,2.1202146065481573,4.0928388797733195,0.5180303131467479
0f9c3d02ce628d7cf0f76713,5-15-24_train-ready_all_carts.csv,5-15-24_Cart16,0.55,5.4901342774412445,5.101176980423023,6.386417783044529,True,1.2852408026215052,4.0928388797733195,0.314021841654487
0f9c3d02ce628d7cf0f76713,5-15-24_train-ready_all_carts.csv,5-15-24_Cart16,0.65,6.489251858700046,5.767868315542636,6.682842553638703,True,0.9149742380960673,4.0928388797733195,0.22355491261037444
0f9c3d02ce628d7cf0f76713,5-15-24_train-ready_all_carts.csv,5-15-24_Cart16,0.75,6.3392191570097,3.8805833438313333,6.6797536471126,True,2.7991703032812665,4.0928388797733195,0.6839190071993007
0f9c3d02ce628d7cf0f76713,5-15-24_train-ready_all_carts.csv,5-15-24_Cart16,0.85,3.743226954823375,3.8790071526608365,4.130019911206906,False,0.25101275854606975,4.0928388797733195,0.06132974346646453
0f9c3d02ce628d7cf0f76713,5-15-24_train-ready_all_carts.csv,5-15-24_Cart16,0.95,4.23916395981322,3.5045438675340366,5.305187256762874,True,1.8006433892288376,4.0928388797733195,0.4399497371195237
2dc8b2c36c98347cc00a3267,5-15-24_train-ready_all_carts.csv,5-15-24_Cart2,0.05,0.7515793414484251,0.43528119721177155,1.064170845760812,True,0.6288896485490403,4.8097626467025085,0.13075274077821622
2dc8b2c36c98347cc00a3267,5-15-24_train-ready_all_carts.csv,5-15-24_Cart2,0.15,1.2812357365551463,0.8422227699029959,1.471755726779185,True,0.629532956876189,4.8097626467025085,0.13088649131320151
2dc8b2c36c98347cc00a3267,5-15-24_train-ready_all_carts.csv,5-15-24_Cart2,0.25,1.743471761757447,1.3850112253810856,2.5295427153293324,True,1.1445314899482468,4.8097626467025085,0.2379600770389196
2dc8b2c36c98347cc00a3267,5-15-24_train-ready_all_carts.csv,5-15-24_Cart2,0.35,1.834934397999854,1.9330946735202328,2.5115344607639027,False,0.57843978724367,4.8097626467025085,0.12026368653352124
2dc8b2c36c98347cc00a3267,5-15-24_train-ready_all_carts.csv,5-15-24_Cart2,0.45,2.6313209445155956,1.973020395903083,3.8738307882045366,True,1.9008103923014537,4.8097626467025085,0.3951983771183838
2dc8b2c36c98347cc00a3267,5-15-24_train-ready_all_carts.csv,5-15-24_Cart2,0.55,3.067817868023844,1.9619723132428584,3.8848788708647617,True,1.9229065576219033,4.8097626467025085,0.3997924011780946
2dc8b2c36c98347cc00a3267,5-15-24_train-ready_all_carts.csv,5-15-24_Cart2,0.65,3.474619578254554,3.2050563050183407,3.74693791994083,True,0.5418816149224894,4.8097626467025085,0.11266285983862306
2dc8b2c36c98347cc00a3267,5-15-24_train-ready_all_carts.csv,5-15-24_Cart2,0.75,3.676823611515754,3.504027193194647,3.9618240109397203,True,0.4577968177450731,4.8097626467025085,0.09518075035551511
2dc8b2c36c98347cc00a3267,5-15-24_train-ready_all_carts.csv,5-15-24_Cart2,0.85,4.135543489452541,3.720956083171132,5.289614181547818,True,1.568658098376686,4.8097626467025085,0.3261404384376704
2dc8b2c36c98347cc00a3267,5-15-24_train-ready_all_carts.csv,5-15-24_Cart2,0.95,4.685510777843753,3.7995553677146714,5.760280917945428,True,1.9607255502307566,4.8097626467025085,0.40765536560832094
ee4d4d2a08966f4c639c6ee5,5-15-24_train-ready_all_carts.csv,5-15-24_Cart20,0.05,1.3615286708758745,1.1194937031826615,1.8203265969300035,True,0.700832893747342,2.5475537117159384,0.2751003405833147
ee4d4d2a08966f4c639c6ee5,5-15-24_train-ready_all_carts.csv,5-15-24_Cart20,0.15,1.7387227837898602,1.58070614522811,2.1123929206244934,True,0.5316867753963834,2.5475537117159384,0.2087048343480298
ee4d4d2a08966f4c639c6ee5,5-15-24_train-ready_all_carts.csv,5-15-24_Cart20,0.25,2.046253988734975,1.9375396100398956,2.359676518329918,True,0.4221369082900224,2.5475537117159384,0.16570284910918973
ee4d4d2a08966f4c639c6ee5,5-15-24_train-ready_all_carts.csv,5-15-24_Cart20,0.35,2.471432394164476,0.0,2.347153595145229,False,2.347153595145229,2.5475537117159384,0.9213362546002113
ee4d4d2a08966f4c639c6ee5,5-15-24_train-ready_all_carts.csv,5-15-24_Cart20,0.45,0.5236578931187967,0.0,1.9091060895088159,True,1.9091060895088159,2.5475537117159384,0.7493879641198663
ee4d4d2a08966f4c639c6ee5,5-15-24_train-ready_all_carts.csv,5-15-24_Cart20,0.55,0.7212013684625014,0.4119932271698301,0.9342545438151403,True,0.5222613166453102,2.5475537117159384,0.2050050266824538
ee4d4d2a08966f4c639c6ee5,5-15-24_train-ready_all_carts.csv,5-15-24_Cart20,0.65,3.296200377611323,0.7820793636789073,1.7972780605372234,False,1.0151986968583162,2.5475537117159384,0.39849942797654136
ee4d4d2a08966f4c639c6ee5,5-15-24_train-ready_all_carts.csv,5-15-24_Cart20,0.75,1.668455287531268,1.4061242234644826,2.354941826102463,True,0.9488176026379804,2.5475537117159384,0.3724426292856812
ee4d4d2a08966f4c639c6ee5,5-15-24_train-ready_all_carts.csv,5-15-24_Cart20,0.85,2.097780600558723,1.9941727792059907,2.3559229132609674,True,0.3617501340549767,2.5475537117159384,0.14199902141074588
ee4d4d2a08966f4c639c6ee5,5-15-24_train-ready_all_carts.csv,5-15-24_Cart20,0.95,2.2893708424411128,1.9370647332697741,2.8644497136924394,True,0.9273849804226653,2.5475537117159384,0.36402960854474503
28c40dc7abcb2925c9a001ee,5-15-24_train-ready_all_carts.csv,5-15-24_Cart24,0.05,1.007289262511336,0.5324523898261891,1.3255987971093015,True,0.7931464072831124,5.21198444766725,0.15217743169554243
28c40dc7abcb2925c9a001ee,5-15-24_train-ready_all_carts.csv,5-15-24_Cart24,0.15,1.5664958514484901,1.30931518160095,2.574980839457513,True,1.2656656578565628,5.21198444766725,0.24283757378114246
28c40dc7abcb2925c9a001ee,5-15-24_train-ready_all_carts.csv,5-15-24_Cart24,0.25,2.328595339173466,1.863693259424271,2.8501802449320617,True,0.9864869855077907,5.21198444766725,0.18927281833109016
28c40dc7abcb2925c9a001ee,5-15-24_train-ready_all_carts.csv,5-15-24_Cart24,0.35,2.9470643099629052,2.476039787359782,3.543316654296303,True,1.067276866936521,5.21198444766725,0.20477360929467212
28c40dc7abcb2925c9a001ee,5-15-24_train-ready_all_carts.csv,5-15-24_Cart24,0.45,3.63116847075619,2.775415608481435,4.136327784856989,True,1.3609121763755536,5.21198444766725,0.2611120946426966
28c40dc7abcb2925c9a001ee,5-15-24_train-ready_all_carts.csv,5-15-24_Cart24,0.55,4.151128299906047,3.6349640746657697,4.7382703240356365,True,1.1033062493698669,5.21198444766725,0.2116864047558082
28c40dc7abcb2925c9a001ee,5-15-24_train-ready_all_carts.csv,5-15-24_Cart24,0.65,4.758614489898031,4.426834263547683,5.211502586263762,True,0.7846683227160796,5.21198444766725,0.15055077976437112
28c40dc7abcb2925c9a001ee,5-15-24_train-ready_all_carts.csv,5-15-24_Cart24,0.75,4.782307945885647,4.942949794212054,6.164920096250838,False,1.221970302038784,5.21198444766725,0.23445394250662172
28c40dc7abcb2925c9a001ee,5-15-24_train-ready_all_carts.csv,5-15-24_Cart24,0.85,5.61710861836193,5.539965723733955,6.478359618778026,True,0.9383938950440713,5.21198444766725,0.18004541350158332
28c40dc7abcb2925c9a001ee,5-15-24_train-ready_all_carts.csv,5-15-24_Cart24,0.95,5.422536212990243,4.566509730707182,6.988386389396416,True,2.421876658689234,5.21198444766725,0.4646745751079905
b01691196541214e803e25be,5-15-24_train-ready_all_carts.csv,5-15-24_Cart25,0.05,1.0174647854988637,0.5408990588069558,1.4514667524688003,True,0.9105676936618445,5.0209025056990555,0.1813553823497449
b01691196541214e803e25be,5-15-24_train-ready_all_carts.csv,5-15-24_Cart25,0.15,1.6789294010473925,1.4388148161694638,2.0096831431427136,True,0.5708683269732497,5.0209025056990555,0.11369834931574085
b01691196541214e803e25be,5-15-24_train-ready_all_carts.csv,5-15-24_Cart25,0.25,2.3853231747634855,1.9271821362480934,3.5830419202987347,True,1.6558597840506413,5.0209025056990555,0.3297932557286526
b01691196541214e803e25be,5-15-24_train-ready_all_carts.csv,5-15-24_Cart25,0.35,3.0583441536702427,2.736271769744499,3.676117146651487,True,0.9398453769069879,5.0209025056990555,0.18718654182992028
b01691196541214e803e25be,5-15-24_train-ready_all_carts.csv,5-15-24_Cart25,0.45,3.706527189367686,2.80363904639231,4.042386167289026,True,1.2387471208967158,5.0209025056990555,0.24671801921878708
b01691196541214e803e25be,5-15-24_train-ready_all_carts.csv,5-15-24_Cart25,0.55,4.284710280736177,3.730619728168761,4.6658805596072686,True,0.9352608314385074,5.0209025056990555,0.1862734499180027
b01691196541214e803e25be,5-15-24_train-ready_all_carts.csv,5-15-24_Cart25,0.65,4.763932394163582,0.0,4.632897380360932,False,4.632897380360932,5.0209025056990555,0.9227220355508373
b01691196541214e803e25be,5-15-24_train-ready_all_carts.csv,5-15-24_Cart25,0.75,4.108464505871992,0.0,4.6915619131965665,True,4.6915619131965665,5.0209025056990555,0.934406096886234
b01691196541214e803e25be,5-15-24_train-ready_all_carts.csv,5-15-24_Cart25,0.85,4.8198324041724625,4.435639679365833,5.041003131724381,True,0.6053634523585476,5.0209025056990555,0.12056865308008274
b01691196541214e803e25be,5-15-24_train-ready_all_carts.csv,5-15-24_Cart25,0.95,5.288308338782483,4.296034422321804,5.640596857361637,True,1.3445624350398333,5.0209025056990555,0.26779297815754566
e65b22c912c3753f39638cd1,5-15-24_train-ready_all_carts.csv,5-15-24_Cart26,0.05,0.6359115324410555,0.8387209853179225,3.3645011646196235,False,2.5257801793017007,4.898330418865074,0.5156410375204773
e65b22c912c3753f39638cd1,5-15-24_train-ready_all_carts.csv,5-15-24_Cart26,0.15,1.1237879583641603,0.8482966634919951,3.3549254864455507,True,2.5066288229535556,4.898330418865074,0.5117312652694288
e65b22c912c3753f39638cd1,5-15-24_train-ready_all_carts.csv,5-15-24_Cart26,0.25,1.7443478101979257,0.9395092211256293,2.19705503757668,True,1.257545816451051,4.898330418865074,0.2567294790093846
e65b22c912c3753f39638cd1,5-15-24_train-ready_all_carts.csv,5-15-24_Cart26,0.35,2.22773968062325,1.661469301181896,2.5528579431175675,True,0.8913886419356716,4.898330418865074,0.18197805491084107
e65b22c912c3753f39638cd1,5-15-24_train-ready_all_carts.csv,5-15-24_Cart26,0.45,2.433258872539439,1.739117525003957,3.9500105816817532,True,2.2108930566777962,4.898330418865074,0.4513564556941531
e65b22c912c3753f39638cd1,5-15-24_train-ready_all_carts.csv,5-15-24_Cart26,0.55,2.9547881128331803,2.751516529268122,3.9612621055800927,True,1.2097455763119709,4.898330418865074,0.24697100294680913
e65b22c912c3753f39638cd1,5-15-24_train-ready_all_carts.csv,5-15-24_Cart26,0.65,3.407634334383319,2.964863672811231,3.7877913671632446,True,0.8229276943520136,4.898330418865074,0.16800167076983
e65b22c912c3753f39638cd1,5-15-24_train-ready_all_carts.csv,5-15-24_Cart26,0.75,3.836580074324411,3.468497246917066,4.240663709498521,True,0.7721664625814548,4.898330418865074,0.1576387047324511
e65b22c912c3753f39638cd1,5-15-24_train-ready_all_carts.csv,5-15-24_Cart26,0.85,4.888655250809496,3.9929291281562893,4.861403457480253,False,0.8684743293239636,4.898330418865074,0.17730007064839576
e65b22c912c3753f39638cd1,5-15-24_train-ready_all_carts.csv,5-15-24_Cart26,0.95,4.375408355627799,4.130048409184771,5.5268196896619095,True,1.3967712804771386,4.898330418865074,0.28515252362268484
b8e2763c82876b124ac4b78b,5-15-24_train-ready_all_carts.csv,5-15-24_Cart38,0.05,0.9729701662933945,0.47711456954223547,1.20024113762615,True,0.7231265680839145,7.284846170360041,0.09926449387855438
b8e2763c82876b124ac4b78b,5-15-24_train-ready_all_carts.csv,5-15-24_Cart38,0.15,2.0510406296627988,1.182688978964167,2.300481406719038,True,1.117792427754871,7.284846170360041,0.1534407730259081
b8e2763c82876b124ac4b78b,5-15-24_train-ready_all_carts.csv,5-15-24_Cart38,0.25,2.493808964387779,1.8107746741935893,2.927737889247678,True,1.116963215054089,7.284846170360041,0.15332694595511068
b8e2763c82876b124ac4b78b,5-15-24_train-ready_all_carts.csv,5-15-24_Cart38,0.35,3.1629572884960786,2.6980641284978804,3.6844579282704837,True,0.9863937997726033,7.284846170360041,0.1354035180297915
b8e2763c82876b124ac4b78b,5-15-24_train-ready_all_carts.csv,5-15-24_Cart38,0.45,3.794699359600047,3.2697496033319156,4.665309215027054,True,1.395559611695138,7.284846170360041,0.19157022386735792
b8e2763c82876b124ac4b78b,5-15-24_train-ready_all_carts.csv,5-15-24_Cart38,0.55,4.623392523044613,3.9739752408238784,5.0548513525739125,True,1.080876111750034,7.284846170360041,0.14837322387778212
b8e2763c82876b124ac4b78b,5-15-24_train-ready_all_carts.csv,5-15-24_Cart38,0.65,5.137403046705985,4.634029176552919,6.523635734510009,True,1.88960655795709,7.284846170360041,0.25938866981781433
b8e2763c82876b124ac4b78b,5-15-24_train-ready_all_carts.csv,5-15-24_Cart38,0.75,5.670263750158895,5.325331682993708,6.5181377880874205,True,1.1928061050937124,7.284846170360041,0.16373799490055121
b8e2763c82876b124ac4b78b,5-15-24_train-ready_all_carts.csv,5-15-24_Cart38,0.85,6.265278977254406,5.823588017026612,6.948275037773519,True,1.124687020746907,7.284846170360041,0.15438720248108154
b8e2763c82876b124ac4b78b,5-15-24_train-ready_all_carts.csv,5-15-24_Cart38,0.95,7.005520157113761,5.620326383482688,8.183805905778557,True,2.5634795222958697,7.284846170360041,0.3518920595366771
8c331c7dacbc4d630a5a0dd5,5-15-24_train-ready_all_carts.csv,5-15-24_Cart59,0.05,1.2542132424985482,0.8261743059631192,1.9280695502902956,True,1.1018952443271763,4.266564225861405,0.25826289866870744
8c331c7dacbc4d630a5a0dd5,5-15-24_train-ready_all_carts.csv,5-15-24_Cart59,0.15,1.7651035514356477,1.148776138045497,2.048598871007678,True,0.8998227329621811,4.266564225861405,0.21090101667941255
8c331c7dacbc4d630a5a0dd5,5-15-24_train-ready_all_carts.csv,5-15-24_Cart59,0.25,2.6999536653655865,1.977418270813231,2.3758620731311546,False,0.39844380231792353,4.266564225861405,0.09338750836159722
8c331c7dacbc4d630a5a0dd5,5-15-24_train-ready_all_carts.csv,5-15-24_Cart59,0.35,2.5825038827333167,2.258027772442778,2.810610845868457,True,0.5525830734256791,4.266564225861405,0.1295147674272065
8c331c7dacbc4d630a5a0dd5,5-15-24_train-ready_all_carts.csv,5-15-24_Cart59,0.45,3.085839148277916,2.5515372053203493,3.909978349189618,True,1.3584411438692685,4.266564225861405,0.31839228755428
8c331c7dacbc4d630a5a0dd5,5-15-24_train-ready_all_carts.csv,5-15-24_Cart59,0.55,3.5119536830816576,3.0504208247987203,4.523268843667549,True,1.4728480188688287,4.266564225861405,0.3452070426928744
8c331c7dacbc4d630a5a0dd5,5-15-24_train-ready_all_carts.csv,5-15-24_Cart59,0.65,3.391103485794078,3.387569248633398,4.495241043393025,True,1.1076717947596273,4.266564225861405,0.259616810183138
8c331c7dacbc4d630a5a0dd5,5-15-24_train-ready_all_carts.csv,5-15-24_Cart59,0.75,4.361674961542865,3.3907892674194855,4.805865339053306,True,1.4150760716338207,4.266564225861405,0.3316664174551648
8c331c7dacbc4d630a5a0dd5,5-15-24_train-ready_all_carts.csv,5-15-24_Cart59,0.85,5.01073189465832,4.591988314584582,5.3119038800742775,True,0.7199155654896954,4.266564225861405,0.16873426189766236
8c331c7dacbc4d630a5a0dd5,5-15-24_train-ready_all_carts.csv,5-15-24_Cart59,0.95,5.417389348295349,3.643079378560494,5.729415097845849,True,2.0863357192853553,4.266564225861405,0.4889966748043342
27b20e86c61a1afe804649e1,5-15-24_train-ready_all_carts.csv,5-15-24_Cart6,0.05,1.5177464641327698,1.2854435331694656,2.0592459405534833,True,0.7738024073840177,5.20209339458573,0.14874827279905836
27b20e86c61a1afe804649e1,5-15-24_train-ready_all_carts.csv,5-15-24_Cart6,0.15,2.1218655475597825,1.8702957598850272,2.802570024498541,True,0.932274264613514,5.20209339458573,0.1792113662518656
27b20e86c61a1afe804649e1,5-15-24_train-ready_all_carts.csv,5-15-24_Cart6,0.25,2.8847345095320254,2.0464240723927394,3.142044617154353,True,1.0956205447616134,5.20209339458573,0.21061147150912762
27b20e86c61a1afe804649e1,5-15-24_train-ready_all_carts.csv,5-15-24_Cart6,0.35,3.4792461206817444,2.9984299307781077,3.7386631718072683,True,0.7402332410291605,5.20209339458573,0.14229526171129214
27b20e86c61a1afe804649e1,5-15-24_train-ready_all_carts.csv,5-15-24_Cart6,0.45,3.9042191809653906,3.5213568368778736,4.2121949187919245,True,0.6908380819140509,5.20209339458573,0.1328000152079288
27b20e86c61a1afe804649e1,5-15-24_train-ready_all_carts.csv,5-15-24_Cart6,0.55,4.169211188812261,3.886936363381433,4.906668833525146,True,1.0197324701437127,5.20209339458573,0.19602348377771087
27b20e86c61a1afe804649e1,5-15-24_train-ready_all_carts.csv,5-15-24_Cart6,0.65,4.5177106324302585,4.145078974485851,4.872495379908979,True,0.7274164054231278,5.20209339458573,0.1398314774933132
27b20e86c61a1afe804649e1,5-15-24_train-ready_all_carts.csv,5-15-24_Cart6,0.75,5.023328989917971,4.516760435955943,4.827341507958348,False,0.3105810720024049,5.20209339458573,0.05970309420543153
27b20e86c61a1afe804649e1,5-15-24_train-ready_all_carts.csv,5-15-24_Cart6,0.85,5.212046140721906,4.514757060324137,5.452564823548315,True,0.9378077632241775,5.20209339458573,0.18027507237763848
27b20e86c61a1afe804649e1,5-15-24_train-ready_all_carts.csv,5-15-24_Cart6,0.95,5.567723646143014,4.56186697270401,5.961623689923736,True,1.3997567172197263,5.20209339458573,0.2690756607093165
6a59400d3248daecb51616c8,5-15-24_train-ready_all_carts.csv,5-15-24_Cart60,0.05,1.444668602590367,0.4926873746984011,2.436849956990517,True,1.944162582292116,5.326257412465949,0.3650147620995299
6a59400d3248daecb51616c8,5-15-24_train-ready_all_carts.csv,5-15-24_Cart60,0.15,2.184199219867028,1.2432757817761766,2.472720068746441,True,1.2294442869702642,5.326257412465949,0.23082705017087343
6a59400d3248daecb51616c8,5-15-24_train-ready_all_carts.csv,5-15-24_Cart60,0.25,2.898993119380453,2.3856610192670433,3.2097141432386938,True,0.8240531239716504,5.326257412465949,0.15471522687637632
6a59400d3248daecb51616c8,5-15-24_train-ready_all_carts.csv,5-15-24_Cart60,0.35,3.51082694981701,3.055764208714773,4.458619273643211,True,1.402855064928438,5.326257412465949,0.2633847665051067
6a59400d3248daecb51616c8,5-15-24_train-ready_all_carts.csv,5-15-24_Cart60,0.45,5.039825165682371,3.2172642540995158,4.758467076208685,False,1.5412028221091694,5.326257412465949,0.28935943247917933
6a59400d3248daecb51616c8,5-15-24_train-ready_all_carts.csv,5-15-24_Cart60,0.55,4.766923921150179,4.389696483906989,5.395387379845789,True,1.0056908959388,5.326257412465949,0.1888175538765757
6a59400d3248daecb51616c8,5-15-24_train-ready_all_carts.csv,5-15-24_Cart60,0.65,5.5176930044561505,5.013689918949327,5.927587855937417,True,0.9138979369880902,5.326257412465949,0.17158350906006511
6a59400d3248daecb51616c8,5-15-24_train-ready_all_carts.csv,5-15-24_Cart60,0.75,5.594748673858868,5.652267979633957,6.171188062516282,False,0.5189200828823246,5.326257412465949,0.0974267750687016
6a59400d3248daecb51616c8,5-15-24_train-ready_all_carts.csv,5-15-24_Cart60,0.85,5.766760689725781,5.650216787258217,6.97515916705421,True,1.324942379795993,5.326257412465949,0.24875673051306235
6a59400d3248daecb51616c8,5-15-24_train-ready_all_carts.csv,5-15-24_Cart60,0.95,5.606729065072136,4.670566231085653,7.496368294755679,True,2.825802063670026,5.326257412465949,0.5305417753667555
06ee5dad067bd368757c6c1b,5-15-24_train-ready_all_carts.csv,5-15-24_Cart62,0.05,0.8180278840916699,0.5209387706964713,1.0752978265225255,True,0.5543590558260542,5.247808772329924,0.10563629123626196
06ee5dad067bd368757c6c1b,5-15-24_train-ready_all_carts.csv,5-15-24_Cart62,0.15,1.1411089050289194,1.0622793358749472,1.6118672417661228,True,0.5495879058911757,5.247808772329924,0.10472712130613127
06ee5dad067bd368757c6c1b,5-15-24_train-ready_all_carts.csv,5-15-24_Cart62,0.25,1.6702025094928254,1.2557278817406117,2.1728634965342297,True,0.917135614793618,5.247808772329924,0.17476544107883488
06ee5dad067bd368757c6c1b,5-15-24_train-ready_all_carts.csv,5-15-24_Cart62,0.35,2.2542485888245425,2.028262550913457,2.662135493996801,True,0.6338729430833441,5.247808772329924,0.12078811759025225
06ee5dad067bd368757c6c1b,5-15-24_train-ready_all_carts.csv,5-15-24_Cart62,0.45,2.971505877984037,2.441918148805305,3.32685398279184,True,0.884935833986535,5.247808772329924,0.1686295885346525
06ee5dad067bd368757c6c1b,5-15-24_train-ready_all_carts.csv,5-15-24_Cart62,0.55,3.325192488747655,2.8852610376077656,4.018414233498713,True,1.133153195890947,5.247808772329924,0.215928827640541
06ee5dad067bd368757c6c1b,5-15-24_train-ready_all_carts.csv,5-15-24_Cart62,0.65,3.7132359241848336,3.233871871060975,3.9839404676385346,True,0.7500685965775595,5.247808772329924,0.14292986446694472
06ee5dad067bd368757c6c1b,5-15-24_train-ready_all_carts.csv,5-15-24_Cart62,0.75,4.128272049175285,3.6939750625027776,4.442632274662254,True,0.7486572121594768,5.247808772329924,0.14266091708732134
06ee5dad067bd368757c6c1b,5-15-24_train-ready_all_carts.csv,5-15-24_Cart62,0.85,4.9430464892726995,4.177710267922153,4.85664670552258,False,0.6789364376004272,5.247808772329924,0.1293752244137114
06ee5dad067bd368757c6c1b,5-15-24_train-ready_all_carts.csv,5-15-24_Cart62,0.95,4.792241863385847,4.077529785510178,5.962883947306169,True,1.8853541617959912,5.247808772329924,0.35926502728850984
ddedd30e4289a56571815c23,5-15-24_train-ready_all_carts.csv,5-15-24_Cart63,0.05,1.172994086455759,0.5632254908528785,1.205766007232579,True,0.6425405163797006,4.06828405567723,0.15793895106292904
ddedd30e4289a56571815c23,5-15-24_train-ready_all_carts.csv,5-15-24_Cart63,0.15,1.6656658958179942,1.1925790132411176,1.4021091882611951,False,0.20953017502007754,4.06828405567723,0.05150332969687337
ddedd30e4289a56571815c23,5-15-24_train-ready_all_carts.csv,5-15-24_Cart63,0.25,1.755889470049108,1.29168010804735,3.000849512472208,True,1.709169404424858,4.06828405567723,0.42012046873662556
ddedd30e4289a56571815c23,5-15-24_train-ready_all_carts.csv,5-15-24_Cart63,0.35,2.432908103242581,1.7383472758523872,3.0979299133307707,True,1.3595826374783835,4.06828405567723,0.3341906855252907
ddedd30e4289a56571815c23,5-15-24_train-ready_all_carts.csv,5-15-24_Cart63,0.45,2.8895113275023165,2.4398261458354975,4.092632525778068,True,1.6528063799425707,4.06828405567723,0.4062662187110814
ddedd30e4289a56571815c23,5-15-24_train-ready_all_carts.csv,5-15-24_Cart63,0.55,3.594114301390622,3.1654516259469787,4.101977423194827,True,0.9365257972478487,4.06828405567723,0.23020167334209143
ddedd30e4289a56571815c23,5-15-24_train-ready_all_carts.csv,5-15-24_Cart63,0.65,4.577374701869922,3.680005619585107,4.698661857618943,True,1.0186562380338362,4.06828405567723,0.25038965423574994
ddedd30e4289a56571815c23,5-15-24_train-ready_all_carts.csv,5-15-24_Cart63,0.75,4.717018565513408,4.245172943864714,6.193049888335688,True,1.9478769444709743,4.06828405567723,0.4787957079232805
ddedd30e4289a56571815c23,5-15-24_train-ready_all_carts.csv,5-15-24_Cart63,0.85,5.1585379992987335,4.749408435006807,6.194616623209939,True,1.4452081882031313,4.06828405567723,0.3552377779979165
ddedd30e4289a56571815c23,5-15-24_train-ready_all_carts.csv,5-15-24_Cart63,0.95,5.002222185946878,3.566660357411782,5.356488219502053,True,1.7898278620902706,4.06828405567723,0.4399466304700608
1c0244dc9c5a0ca6f77cfc2d,5-15-24_train-ready_all_carts.csv,5-15-24_Cart67,0.05,0.7368190489204204,0.26321639101878597,0.9090065612837799,True,0.645790170264994,3.811534030444258,0.16943051409401244
1c0244dc9c5a0ca6f77cfc2d,5-15-24_train-ready_all_carts.csv,5-15-24_Cart67,0.15,1.009854494605082,0.6516898790610242,1.3912442950729453,True,0.7395544160119212,3.811534030444258,0.19403064753057483
1c0244dc9c5a0ca6f77cfc2d,5-15-24_train-ready_all_carts.csv,5-15-24_Cart67,0.25,1.9124682818097178,1.3217433624129327,3.330084858699981,True,2.0083414962870485,3.811534030444258,0.5269116004856879
1c0244dc9c5a0ca6f77cfc2d,5-15-24_train-ready_all_carts.csv,5-15-24_Cart67,0.35,2.8211503381690983,2.051764304182175,3.816342747895346,True,1.7645784437131713,3.811534030444258,0.46295754665149835
1c0244dc9c5a0ca6f77cfc2d,5-15-24_train-ready_all_carts.csv,5-15-24_Cart67,0.45,4.764909225235895,0.0,3.8874079443551905,False,3.8874079443551905,3.811534030444258,1.0199063981339
1c0244dc9c5a0ca6f77cfc2d,5-15-24_train-ready_all_carts.csv,5-15-24_Cart67,0.55,0.35801972180456176,0.0,0.6424233151789946,True,0.6424233151789946,3.811534030444258,0.16854718075391711
1c0244dc9c5a0ca6f77cfc2d,5-15-24_train-ready_all_carts.csv,5-15-24_Cart67,0.65,0.6390361941922422,0.4130256260715355,1.3064238164897417,True,0.8933981904182062,3.811534030444258,0.2343933396061205
1c0244dc9c5a0ca6f77cfc2d,5-15-24_train-ready_all_carts.csv,5-15-24_Cart67,0.75,1.4358036008381996,1.1131680491035107,2.0396426229828606,True,0.9264745738793498,3.811534030444258,0.24307131104673974
1c0244dc9c5a0ca6f77cfc2d,5-15-24_train-ready_all_carts.csv,5-15-24_Cart67,0.85,2.741272849627631,1.8485134957204497,3.2544359959579485,True,1.4059225002374989,3.811534030444258,0.3688600151560577
1c0244dc9c5a0ca6f77cfc2d,5-15-24_train-ready_all_carts.csv,5-15-24_Cart67,0.95,4.241488927645086,2.6860347676927616,4.2983792837720145,True,1.6123445160792529,3.811534030444258,0.4230172164805056
6c88c397959c20dc27822e23,5-15-24_train-ready_all_carts.csv,5-15-24_Cart69,0.05,0.8293156544949594,0.4776928260786917,1.2316150622919033,True,0.7539222362132116,6.120727513583651,0.12317526544680217
6c88c397959c20dc27822e23,5-15-24_train-ready_all_carts.csv,5-15-24_Cart69,0.15,1.526183544802359,1.0791151545347406,2.326022020234209,True,1.2469068656994684,6.120727513583651,0.20371873489421385
6c88c397959c20dc27822e23,5-15-24_train-ready_all_carts.csv,5-15-24_Cart69,0.25,2.3006948993559027,1.71890951565724,3.1252693833280136,True,1.4063598676707736,6.120727513583651,0.22977005013695798
6c88c397959c20dc27822e23,5-15-24_train-ready_all_carts.csv,5-15-24_Cart69,0.35,3.191686877721775,1.8504809741754902,3.1513779925607097,False,1.3008970183852195,6.120727513583651,0.21253960668860944
6c88c397959c20dc27822e23,5-15-24_train-ready_all_carts.csv,5-15-24_Cart69,0.45,2.5605387522956944,2.6874252541460404,3.965788080322615,False,1.2783628261765747,6.120727513583651,0.2088579867898907
6c88c397959c20dc27822e23,5-15-24_train-ready_all_carts.csv,5-15-24_Cart69,0.55,3.853505902827031,3.3115387382160657,4.431600253774953,True,1.1200615155588869,6.120727513583651,0.18299483404107583
6c88c397959c20dc27822e23,5-15-24_train-ready_all_carts.csv,5-15-24_Cart69,0.65,4.406329470962934,3.986540488895734,4.9546323681920565,True,0.9680918792963227,6.120727513583651,0.1581661456334805
6c88c397959c20dc27822e23,5-15-24_train-ready_all_carts.csv,5-15-24_Cart69,0.75,4.762439426144766,4.644515050282035,5.35737948593413,True,0.7128644356520955,6.120727513583651,0.11646727191662179
6c88c397959c20dc27822e23,5-15-24_train-ready_all_carts.csv,5-15-24_Cart69,0.85,5.4741325178955105,5.047201704793608,5.894978118908788,True,0.84777641411518,6.120727513583651,0.13850909262562675
6c88c397959c20dc27822e23,5-15-24_train-ready_all_carts.csv,5-15-24_Cart69,0.95,6.005571364331782,4.885397366322712,6.874337349571773,True,1.988939983249061,6.120727513583651,0.3249515647992878
d483b49339eee8b8080dd664,5-15-24_train-ready_all_carts.csv,5-15-24_Cart70,0.05,1.0280955424664082,0.47249509118420097,0.6880340353727329,False,0.21553894418853192,4.94482172720442,0.04358881999784205
d483b49339eee8b8080dd664,5-15-24_train-ready_all_carts.csv,5-15-24_Cart70,0.15,1.0587386784752875,0.67148187580924,1.2492970482036723,True,0.5778151723944323,4.94482172720442,0.11685257917702585
d483b49339eee8b8080dd664,5-15-24_train-ready_all_carts.csv,5-15-24_Cart70,0.25,1.353616491679607,1.165193930712724,1.7892578993102812,True,0.6240639685975573,4.94482172720442,0.12620555462378114
d483b49339eee8b8080dd664,5-15-24_train-ready_all_carts.csv,5-15-24_Cart70,0.35,2.0097710454335314,1.534044212292453,2.3069789469745285,True,0.7729347346820756,4.94482172720442,0.15631195163815503
d483b49339eee8b8080dd664,5-15-24_train-ready_all_carts.csv,5-15-24_Cart70,0.45,2.5328817748247703,1.9849091621884214,3.36558887990109,True,1.3806797177126686,4.94482172720442,0.2792172890918846
d483b49339eee8b8080dd664,5-15-24_train-ready_all_carts.csv,5-15-24_Cart70,0.55,2.9958751737828715,1.9735508471955425,4.370925280961362,True,2.39737443376582,4.94482172720442,0.4848252507418882
d483b49339eee8b8080dd664,5-15-24_train-ready_all_carts.csv,5-15-24_Cart70,0.65,3.6445311663897573,2.942037272964562,4.387824400713862,True,1.4457871277493002,4.94482172720442,0.2923840752023801
d483b49339eee8b8080dd664,5-15-24_train-ready_all_carts.csv,5-15-24_Cart70,0.75,4.188135854604762,3.4968372903227123,4.684546205607498,True,1.187708915284786,4.94482172720442,0.24019246411867373
d483b49339eee8b8080dd664,5-15-24_train-ready_all_carts.csv,5-15-24_Cart70,0.85,4.814610067923513,3.494932992456354,5.258933788121356,True,1.7640007956650017,4.94482172720442,0.3567369852709105
d483b49339eee8b8080dd664,5-15-24_train-ready_all_carts.csv,5-15-24_Cart70,0.95,5.1304257566455576,4.317825217116182,5.742816938988872,True,1.42499172187269,4.94482172720442,0.288178583675314
c521b31b44bc0e1435b85116,5-15-24_train-ready_all_carts.csv,5-15-24_Cart74,0.05,0.6326081611221992,0.3928738609433498,1.828784960901759,True,1.4359110999584093,4.765855648969142,0.3012913536877681
c521b31b44bc0e1435b85116,5-15-24_train-ready_all_carts.csv,5-15-24_Cart74,0.15,0.6963205339606715,0.4021905660277708,1.5922505577403159,True,1.1900599917125452,4.765855648969142,0.24970542109682992
c521b31b44bc0e1435b85116,5-15-24_train-ready_all_carts.csv,5-15-24_Cart74,0.25,1.9588827416806092,1.5133283453391375,2.265266510047616,True,0.7519381647084786,4.765855648969142,0.15777610991451732
c521b31b44bc0e1435b85116,5-15-24_train-ready_all_carts.csv,5-15-24_Cart74,0.35,2.55030608753672,2.134686203612378,2.751847711809322,True,0.6171615081969439,4.765855648969142,0.12949647527206085
c521b31b44bc0e1435b85116,5-15-24_train-ready_all_carts.csv,5-15-24_Cart74,0.45,3.1654784443316903,2.554186123310277,2.959392874534882,False,0.4052067512246049,4.765855648969142,0.08502287544362605
c521b31b44bc0e1435b85116,5-15-24_train-ready_all_carts.csv,5-15-24_Cart74,0.55,3.5327355700738803,2.661355191770367,3.9468637759521656,True,1.2855085841817986,4.765855648969142,0.26973300890048046
c521b31b44bc0e1435b85116,5-15-24_train-ready_all_carts.csv,5-15-24_Cart74,0.65,4.171741183612189,3.6711317264805987,4.677271841614045,True,1.0061401151334466,4.765855648969142,0.21111426556762697
c521b31b44bc0e1435b85116,5-15-24_train-ready_all_carts.csv,5-15-24_Cart74,0.75,4.831082073166993,4.3854747617556935,5.264227412942697,True,0.8787526511870034,4.765855648969142,0.18438507498167267
c521b31b44bc0e1435b85116,5-15-24_train-ready_all_carts.csv,5-15-24_Cart74,0.85,4.947490789987761,4.967675442135627,5.578865740790384,False,0.6111902986547575,4.765855648969142,0.12824356079415844
c521b31b44bc0e1435b85116,5-15-24_train-ready_all_carts.csv,5-15-24_Cart74,0.95,4.8617700906494665,4.1781312079933475,6.04523589025717,True,1.8671046822638226,4.765855648969142,0.3917669396192641
e80f6506b4160b8a97a0d939,5-15-24_train-ready_all_carts.csv,5-15-24_Cart75,0.05,0.8670268476701128,0.23747975590862924,2.617770942861516,True,2.3802911869528867,4.45699900935781,0.5340569252888061
e80f6506b4160b8a97a0d939,5-15-24_train-ready_all_carts.csv,5-15-24_Cart75,0.15,1.277497419870158,0.7000734628366108,2.6090580173366473,True,1.9089845545000366,4.45699900935781,0.4283116398482426
e80f6506b4160b8a97a0d939,5-15-24_train-ready_all_carts.csv,5-15-24_Cart75,0.25,1.3262096554632137,1.5851593905403256,2.4161627906216845,False,0.8310034000813589,4.45699900935781,0.18644908790345335
e80f6506b4160b8a97a0d939,5-15-24_train-ready_all_carts.csv,5-15-24_Cart75,0.35,2.3216833075482626,1.945513054471284,2.5705478297369995,True,0.6250347752657155,4.45699900935781,0.14023668705184972
e80f6506b4160b8a97a0d939,5-15-24_train-ready_all_carts.csv,5-15-24_Cart75,0.45,2.777754102239401,2.3868599758381466,3.15151461853992,True,0.7646546427017733,4.45699900935781,0.17156266831029632
e80f6506b4160b8a97a0d939,5-15-24_train-ready_all_carts.csv,5-15-24_Cart75,0.55,3.5761094159571103,2.871792467852257,3.47429253403641,False,0.6025000661841529,4.45699900935781,0.1351806596589225
e80f6506b4160b8a97a0d939,5-15-24_train-ready_all_carts.csv,5-15-24_Cart75,0.65,3.587110909732397,3.1953388086886934,3.9201102038437363,True,0.724771395155043,4.45699900935781,0.16261421499832734
e80f6506b4160b8a97a0d939,5-15-24_train-ready_all_carts.csv,5-15-24_Cart75,0.75,3.9561864330778587,3.693612191773029,4.350430278389143,True,0.6568180866161142,4.45699900935781,0.14736778833405043
e80f6506b4160b8a97a0d939,5-15-24_train-ready_all_carts.csv,5-15-24_Cart75,0.85,4.763611418878323,4.1268504240160535,4.665009981332455,False,0.5381595573164013,4.45699900935781,0.12074482318405146
e80f6506b4160b8a97a0d939,5-15-24_train-ready_all_carts.csv,5-15-24_Cart75,0.95,4.669980702647443,3.8689411048737323,5.188504894046944,True,1.3195637891732117,4.45699900935781,0.29606553342342834
ae5446858a36700db1b62a8c,5-15-24_train-ready_all_carts.csv,5-15-24_Cart77,0.05,1.0497913987058052,0.35924484382712063,3.054928160781418,True,2.6956833169542973,9.248288456551489,0.2914791563453749
ae5446858a36700db1b62a8c,5-15-24_train-ready_all_carts.csv,5-15-24_Cart77,0.15,3.65456250547172,2.719324879197762,4.649691783873119,True,1.930366904675357,9.248288456551489,0.2087269351236428
ae5446858a36700db1b62a8c,5-15-24_train-ready_all_carts.csv,5-15-24_Cart77,0.25,4.3556381919439335,3.4537641037692657,4.88408855164079,True,1.4303244478715245,9.248288456551489,0.15465828672961454
ae5446858a36700db1b62a8c,5-15-24_train-ready_all_carts.csv,5-15-24_Cart77,0.35,4.546987002551308,4.39222047023232,5.659952033912899,True,1.267731563680579,9.248288456551489,0.13707742461066055
ae5446858a36700db1b62a8c,5-15-24_train-ready_all_carts.csv,5-15-24_Cart77,0.45,4.860330894673504,4.219788207832833,5.925964907046062,True,1.7061766992132288,9.248288456551489,0.18448567075182143
ae5446858a36700db1b62a8c,5-15-24_train-ready_all_carts.csv,5-15-24_Cart77,0.55,5.779746841824426,5.35130102078342,6.799408883998399,True,1.4481078632149789,9.248288456551489,0.15658117391322707
ae5446858a36700db1b62a8c,5-15-24_train-ready_all_carts.csv,5-15-24_Cart77,0.65,6.688116766831863,6.1698063597708614,7.066678331632562,True,0.8968719718617004,9.248288456551489,0.09697707592872022
ae5446858a36700db1b62a8c,5-15-24_train-ready_all_carts.csv,5-15-24_Cart77,0.75,7.507441002463665,6.176786135766906,7.84510509571286,True,1.668318959945954,9.248288456551489,0.18039218475761498
ae5446858a36700db1b62a8c,5-15-24_train-ready_all_carts.csv,5-15-24_Cart77,0.85,7.515272210709135,6.907448147364809,8.493492637766792,True,1.5860444904019833,9.248288456551489,0.1714960014334792
ae5446858a36700db1b62a8c,5-15-24_train-ready_all_carts.csv,5-15-24_Cart77,0.95,8.84175539159212,6.905247028336814,10.387132944133855,True,3.481885915797041,9.248288456551489,0.37648976155479585
55cd591495a3f5a79fb72071,5-15-24_train-ready_all_carts.csv,5-15-24_Cart8,0.05,0.9145992934116578,0.43482484707864805,5.344839895259948,True,4.9100150481813,5.860971985372014,0.8377475716375816
55cd591495a3f5a79fb72071,5-15-24_train-ready_all_carts.csv,5-15-24_Cart8,0.15,1.4469920948484907,1.5695968229792236,8.56882088856268,False,6.999224065583457,5.860971985372014,1.1942087563380828
55cd591495a3f5a79fb72071,5-15-24_train-ready_all_carts.csv,5-15-24_Cart8,0.25,1.9965812853518736,1.907845198849965,8.662178796997152,True,6.754333598147187,5.860971985372014,1.1524255046782088
55cd591495a3f5a79fb72071,5-15-24_train-ready_all_carts.csv,5-15-24_Cart8,0.35,2.461728033980552,2.1066520065298784,3.5599741865010603,True,1.453322179971182,5.860971985372014,0.24796606835835866
55cd591495a3f5a79fb72071,5-15-24_train-ready_all_carts.csv,5-15-24_Cart8,0.45,2.8702619131428957,2.6826841657979994,3.6692506936132263,True,0.9865665278152269,5.860971985372014,0.16832814254658246
55cd591495a3f5a79fb72071,5-15-24_train-ready_all_carts.csv,5-15-24_Cart8,0.55,3.404901893014456,2.8482191372473356,3.85757431660068,True,1.0093551793533444,5.860971985372014,0.17221634600413083
55cd591495a3f5a79fb72071,5-15-24_train-ready_all_carts.csv,5-15-24_Cart8,0.65,4.007143456184849,3.4492934782728644,4.319834901180031,True,0.8705414229071669,5.860971985372014,0.14853192014564984
55cd591495a3f5a79fb72071,5-15-24_train-ready_all_carts.csv,5-15-24_Cart8,0.75,4.54471345876688,4.01404200809664,5.472208855771593,True,1.4581668476749536,5.860971985372014,0.24879266635539107
55cd591495a3f5a79fb72071,5-15-24_train-ready_all_carts.csv,5-15-24_Cart8,0.85,5.312415526293933,4.7785786073944685,6.301885254324956,True,1.5233066469304877,5.860971985372014,0.2599068295723646
55cd591495a3f5a79fb72071,5-15-24_train-ready_all_carts.csv,5-15-24_Cart8,0.95,5.173638996097903,4.884935050684659,6.875419700637829,True,1.9904846499531699,5.860971985372014,0.3396168169581905
0537fd16ec06e8ffb0563aef,5-25-24_train-ready_all_carts.csv,5-25-24_Cart1,0.05,0.6453149799391955,0.2792015216440415,1.0481150396803145,True,0.768913518036273,2.4559866643749837,0.31307723661111625
0537fd16ec06e8ffb0563aef,5-25-24_train-ready_all_carts.csv,5-25-24_Cart1,0.15,1.128212515360164,0.7931230858489893,1.3938743207777256,True,0.6007512349287363,2.4559866643749837,0.24460687985112475
0537fd16ec06e8ffb0563aef,5-25-24_train-ready_all_carts.csv,5-25-24_Cart1,0.25,1.6187082126725842,1.3524121246099334,2.2531431929723604,True,0.900731068362427,2.4559866643749837,0.3667491690520442
0537fd16ec06e8ffb0563aef,5-25-24_train-ready_all_carts.csv,5-25-24_Cart1,0.35,2.238395289530751,1.7803154631805123,2.4232799444088213,True,0.6429644812283091,2.4559866643749837,0.26179477704612664
0537fd16ec06e8ffb0563aef,5-25-24_train-ready_all_carts.csv,5-25-24_Cart1,0.45,2.6413218229304958,0.3989685793299045,2.4690712644947714,False,2.070102685164867,2.4559866643749837,0.842880262825727
0537fd16ec06e8ffb0563aef,5-25-24_train-ready_all_carts.csv,5-25-24_Cart1,0.55,0.7422826338090776,0.3933271484166707,1.0600222697419985,True,0.6666951213253278,2.4559866643749837,0.27145714225406553
0537fd16ec06e8ffb0563aef,5-25-24_train-ready_all_carts.csv,5-25-24_Cart1,0.65,1.2183008621479656,0.9152892003068143,1.6808000075653329,True,0.7655108072585186,2.4559866643749837,0.3116917605305202
0537fd16ec06e8ffb0563aef,5-25-24_train-ready_all_carts.csv,5-25-24_Cart1,0.75,1.8147942829453054,1.4762471709741398,2.0888391736744976,True,0.6125920027003577,2.4559866643749837,0.24942806554540245
0537fd16ec06e8ffb0563aef,5-25-24_train-ready_all_carts.csv,5-25-24_Cart1,0.85,2.1723296896210424,1.9645881906042209,2.590860421605542,True,0.6262722310013213,2.4559866643749837,0.2549982213200247
0537fd16ec06e8ffb0563aef,5-25-24_train-ready_all_carts.csv,5-25-24_Cart1,0.95,2.6491543813861007,1.9715587410805875,2.8955874051541755,True,0.924028664073588,2.4559866643749837,0.37623521229857376
f72e1c20cf6d61639b1e16a0,5-25-24_train-ready_all_carts.csv,5-25-24_Cart11,0.05,1.231806589447773,0.9097961345933105,7.075479125306163,True,6.1656829907128525,5.63035502886521,1.095078899839028
f72e1c20cf6d61639b1e16a0,5-25-24_train-ready_all_carts.csv,5-25-24_Cart11,0.15,1.971712540519547,1.3689840305487835,1.9261367485482603,False,0.5571527179994769,5.63035502886521,0.09895516626271614
f72e1c20cf6d61639b1e16a0,5-25-24_train-ready_all_carts.csv,5-25-24_Cart11,0.25,2.3445503308694553,1.829642873830417,2.5469278104075137,True,0.7172849365770968,5.63035502886521,0.1273960403739699
f72e1c20cf6d61639b1e16a0,5-25-24_train-ready_all_carts.csv,5-25-24_Cart11,0.35,2.763571400873607,2.111958304699922,3.49732386611159,True,1.385365561411668,5.63035502886521,0.24605296723018305
f72e1c20cf6d61639b1e16a0,5-25-24_train-ready_all_carts.csv,5-25-24_Cart11,0.45,3.143853350568169,2.0069815989774913,3.602300571834021,True,1.5953189728565298,5.63035502886521,0.2833425183097315
f72e1c20cf6d61639b1e16a0,5-25-24_train-ready_all_carts.csv,5-25-24_Cart11,0.55,3.449201345093562,3.0639369453932237,3.8313346241536514,True,0.7673976787604277,5.63035502886521,0.136296499035354
f72e1c20cf6d61639b1e16a0,5-25-24_train-ready_all_carts.csv,5-25-24_Cart11,0.65,3.8966331860731493,3.5010865901882626,4.22473791017429,True,0.7236513199860273,5.63035502886521,0.12852676541285143
f72e1c20cf6d61639b1e16a0,5-25-24_train-ready_all_carts.csv,5-25-24_Cart11,0.75,4.241023965625399,3.937916200017566,5.007654740587733,True,1.069738540570167,5.63035502886521,0.18999486445986535
f72e1c20cf6d61639b1e16a0,5-25-24_train-ready_all_carts.csv,5-25-24_Cart11,0.85,4.471259305168581,4.465571285978764,5.009823043847145,True,0.5442517578683814,5.63035502886521,0.09666384359035252
f72e1c20cf6d61639b1e16a0,5-25-24_train-ready_all_carts.csv,5-25-24_Cart11,0.95,5.256849925926742,4.094223084791178,6.3971781545173965,True,2.3029550697262184,5.63035502886521,0.40902484087053664
4a6982f9f16093f0c5734aaf,5-25-24_train-ready_all_carts.csv,5-25-24_Cart13,0.05,1.4971668283193393,1.1207381165535033,2.191756089120459,True,1.0710179725669555,5.421789138365558,0.19753958430220742
4a6982f9f16093f0c5734aaf,5-25-24_train-ready_all_carts.csv,5-25-24_Cart13,0.15,1.423780331786137,1.645009613612684,2.0721553990727664,False,0.4271457854600824,5.421789138365558,0.07878317923460391
4a6982f9f16093f0c5734aaf,5-25-24_train-ready_all_carts.csv,5-25-24_Cart13,0.25,2.19448731880816,1.9792295743607426,2.832601990764728,True,0.8533724164039853,5.421789138365558,0.15739682872676997
4a6982f9f16093f0c5734aaf,5-25-24_train-ready_all_carts.csv,5-25-24_Cart13,0.35,3.1201692921700372,1.9886378097329647,3.433972631045114,True,1.4453348213121495,5.421789138365558,0.26657894367095536
4a6982f9f16093f0c5734aaf,5-25-24_train-ready_all_carts.csv,5-25-24_Cart13,0.45,3.419998094414362,1.887549768224153,3.6833023454120797,True,1.7957525771879266,5.421789138365558,0.3312103313795178
4a6982f9f16093f0c5734aaf,5-25-24_train-ready_all_carts.csv,5-25-24_Cart13,0.55,3.872653823646756,3.14577343921451,4.18041321011376,True,1.03463977089925,5.421789138365558,0.19082995382058526
4a6982f9f16093f0c5734aaf,5-25-24_train-ready_all_carts.csv,5-25-24_Cart13,0.65,4.243543679375356,3.8324995175088086,6.833990548991801,True,3.001491031482993,5.421789138365558,0.5535978908224042
4a6982f9f16093f0c5734aaf,5-25-24_train-ready_all_carts.csv,5-25-24_Cart13,0.75,4.582145124581115,4.243686523281896,6.829898670385142,True,2.5862121471032458,5.421789138365558,0.4770034542292953
4a6982f9f16093f0c5734aaf,5-25-24_train-ready_all_carts.csv,5-25-24_Cart13,0.85,4.8859862316135985,4.457785379380962,6.445993319264166,True,1.9882079398832042,5.421789138365558,0.36670698345944264
4a6982f9f16093f0c5734aaf,5-25-24_train-ready_all_carts.csv,5-25-24_Cart13,0.95,5.196931841819178,4.1752100271282835,6.976550851233031,True,2.8013408241047477,5.421789138365558,0.5166819941930155
083344885102628647ca3606,5-25-24_train-ready_all_carts.csv,5-25-24_Cart16,0.05,1.4002807525776149,0.909994516801252,1.3210312691598045,False,0.4110367523585525,4.856682129953414,0.08463324165761188
083344885102628647ca3606,5-25-24_train-ready_all_carts.csv,5-25-24_Cart16,0.15,2.17574583616546,1.0317876534462114,2.0251157672776814,False,0.99332811383147,4.856682129953414,0.20452812995628317
083344885102628647ca3606,5-25-24_train-ready_all_carts.csv,5-25-24_Cart16,0.25,2.31228015205703,1.944579541520634,2.8613719931678236,True,0.9167924516471897,4.856682129953414,0.18876929292796513
083344885102628647ca3606,5-25-24_train-ready_all_carts.csv,5-25-24_Cart16,0.35,3.049289006808865,2.726672397767322,3.270638539225225,True,0.5439661414579029,4.856682129953414,0.11200365329717814
083344885102628647ca3606,5-25-24_train-ready_all_carts.csv,5-25-24_Cart16,0.45,3.64598281681864,2.647995265002156,4.365839257787333,True,1.717843992785177,4.856682129953414,0.35370731433923486
083344885102628647ca3606,5-25-24_train-ready_all_carts.csv,5-25-24_Cart16,0.55,4.091492141741655,3.6433873661164733,4.37699511506502,True,0.7336077489485464,4.856682129953414,0.15105121754294906
083344885102628647ca3606,5-25-24_train-ready_all_carts.csv,5-25-24_Cart16,0.65,4.0049721410800245,4.030541357209617,4.69705759962913,False,0.6665162424195135,4.856682129953414,0.13723694995577293
083344885102628647ca3606,5-25-24_train-ready_all_carts.csv,5-25-24_Cart16,0.75,4.93277937959957,4.448342223375207,5.319459072442467,True,0.8711168490672607,4.856682129953414,0.17936460030906254
083344885102628647ca3606,5-25-24_train-ready_all_carts.csv,5-25-24_Cart16,0.85,5.43197703948548,4.954803208851276,5.699563554400871,True,0.7447603455495955,4.856682129953414,0.153347558193342
083344885102628647ca3606,5-25-24_train-ready_all_carts.csv,5-25-24_Cart16,0.95,5.786964771839135,4.258059773825539,6.1748216691423385,True,1.9167618953167995,4.856682129953414,0.3946648852094393
3bdd4f8541213c5c564d63ba,5-25-24_train-ready_all_carts.csv,5-25-24_Cart2,0.05,0.7491165669241302,0.6412059248940748,1.4638852971625567,True,0.8226793722684819,4.9942433945516616,0.16472552642627755
3bdd4f8541213c5c564d63ba,5-25-24_train-ready_all_carts.csv,5-25-24_Cart2,0.15,1.0937757125168397,0.7789924040641387,1.723068744077915,True,0.9440763400137764,4.9942433945516616,0.1890329055735833
3bdd4f8541213c5c564d63ba,5-25-24_train-ready_all_carts.csv,5-25-24_Cart2,0.25,1.3766295540333382,0.7866233991121971,1.802620756729009,True,1.0159973576168118,4.9942433945516616,0.20343368901987985
3bdd4f8541213c5c564d63ba,5-25-24_train-ready_all_carts.csv,5-25-24_Cart2,0.35,1.778689321602791,1.4295914007593178,2.206583523386443,True,0.776992122627125,4.9942433945516616,0.15557754423317938
3bdd4f8541213c5c564d63ba,5-25-24_train-ready_all_carts.csv,5-25-24_Cart2,0.45,2.092180763171103,1.6034653338138403,2.856171896561345,True,1.2527065627475047,4.9942433945516616,0.2508300985318641
3bdd4f8541213c5c564d63ba,5-25-24_train-ready_all_carts.csv,5-25-24_Cart2,0.55,2.6251207920079063,2.365343387663178,3.0275513439820085,True,0.6622079563188303,4.9942433945516616,0.13259424981995244
3bdd4f8541213c5c564d63ba,5-25-24_train-ready_all_carts.csv,5-25-24_Cart2,0.65,3.0693178014889657,2.737932121653115,3.568344706157286,True,0.8304125845041712,4.9942433945516616,0.1662739516079829
3bdd4f8541213c5c564d63ba,5-25-24_train-ready_all_carts.csv,5-25-24_Cart2,0.75,3.7468894705546365,3.3154516513240138,4.060611016134351,True,0.7451593648103376,4.9942433945516616,0.14920365427589086
3bdd4f8541213c5c564d63ba,5-25-24_train-ready_all_carts.csv,5-25-24_Cart2,0.85,4.144321671399787,3.8008100727081935,5.397754208989237,True,1.596944136281044,4.9942433945516616,0.3197569701995678
3bdd4f8541213c5c564d63ba,5-25-24_train-ready_all_carts.csv,5-25-24_Cart2,0.95,4.631695649447771,3.6349846684805596,5.88647359328162,True,2.2514889248010603,4.9942433945516616,0.4508168198725082
3f5078c0ee0141f71cf0641d,5-25-24_train-ready_all_carts.csv,5-25-24_Cart20,0.05,0.5586482713180918,0.3931525015542642,0.9434855617357634,True,0.5503330601814992,2.7700056835775486,0.19867578736182478
3f5078c0ee0141f71cf0641d,5-25-24_train-ready_all_carts.csv,5-25-24_Cart20,0.15,1.1018005172140102,0.9060583827923391,4.1665756350435705,True,3.2605172522512316,2.7700056835775486,1.1770796253530325
3f5078c0ee0141f71cf0641d,5-25-24_train-ready_all_carts.csv,5-25-24_Cart20,0.25,1.6610575343978686,1.2997321588394246,4.210698339880896,True,2.910966181041471,2.7700056835775486,1.0508881618184507
3f5078c0ee0141f71cf0641d,5-25-24_train-ready_all_carts.csv,5-25-24_Cart20,0.35,2.1158134268958735,1.8232543213455568,3.4064281998506303,True,1.5831738785050735,2.7700056835775486,0.5715417437195851
3f5078c0ee0141f71cf0641d,5-25-24_train-ready_all_carts.csv,5-25-24_Cart20,0.45,2.5289663413099155,0.0,4.186627433761281,True,4.186627433761281,2.7700056835775486,1.51141474495248
3f5078c0ee0141f71cf0641d,5-25-24_train-ready_all_carts.csv,5-25-24_Cart20,0.55,3.8544321645410236,0.0,4.192990170139226,True,4.192990170139226,2.7700056835775486,1.5137117569823355
3f5078c0ee0141f71cf0641d,5-25-24_train-ready_all_carts.csv,5-25-24_Cart20,0.65,1.2236379067846517,0.814635925577491,1.4373710577403642,True,0.6227351321628732,2.7700056835775486,0.22481366585450158
3f5078c0ee0141f71cf0641d,5-25-24_train-ready_all_carts.csv,5-25-24_Cart20,0.75,1.5576675266695226,1.2963915419205048,1.8764679907384139,True,0.5800764488179091,2.7700056835775486,0.20941345075823897
3f5078c0ee0141f71cf0641d,5-25-24_train-ready_all_carts.csv,5-25-24_Cart20,0.85,2.050386018321324,1.7109758542093736,2.4211236618030205,True,0.7101478075936469,2.7700056835775486,0.2563705236432833
3f5078c0ee0141f71cf0641d,5-25-24_train-ready_all_carts.csv,5-25-24_Cart20,0.95,2.449945164042207,1.85293074455332,3.230650514220721,True,1.3777197696674008,2.7700056835775486,0.4973707374809545
3f2cec620ce91700b08e5e26,5-25-24_train-ready_all_carts.csv,5-25-24_Cart24,0.05,1.3445307406457099,0.6912833500386691,2.001119459714884,True,1.309836109676215,4.852740212559647,0.26991680005580254
3f2cec620ce91700b08e5e26,5-25-24_train-ready_all_carts.csv,5-25-24_Cart24,0.15,2.555054327956487,1.968284926797912,3.5079475312254704,True,1.5396626044275585,4.852740212559647,0.31727694807207524
3f2cec620ce91700b08e5e26,5-25-24_train-ready_all_carts.csv,5-25-24_Cart24,0.25,3.709499683225406,2.9864045805685464,4.435901173231434,True,1.4494965926628876,4.852740212559647,0.29869651561222355
3f2cec620ce91700b08e5e26,5-25-24_train-ready_all_carts.csv,5-25-24_Cart24,0.35,4.837265808047303,4.298244360311468,5.3400601407921675,True,1.0418157804806993,4.852740212559647,0.21468608143999093
3f2cec620ce91700b08e5e26,5-25-24_train-ready_all_carts.csv,5-25-24_Cart24,0.45,5.540775812127721,5.128697469577489,6.229489201600235,True,1.1007917320227465,4.852740212559647,0.22683920502765142
3f2cec620ce91700b08e5e26,5-25-24_train-ready_all_carts.csv,5-25-24_Cart24,0.55,5.326185530425694,5.117633116686747,6.240636004246247,True,1.1230028875595002,4.852740212559647,0.23141623873723838
3f2cec620ce91700b08e5e26,5-25-24_train-ready_all_carts.csv,5-25-24_Cart24,0.65,4.9278027402677145,4.846644183048226,6.162957095888193,True,1.316312912839967,4.852740212559647,0.2712514693107091
3f2cec620ce91700b08e5e26,5-25-24_train-ready_all_carts.csv,5-25-24_Cart24,0.75,5.414930321690855,4.850306594726861,6.383419212150147,True,1.5331126174232859,4.852740212559647,0.31592719788612456
3f2cec620ce91700b08e5e26,5-25-24_train-ready_all_carts.csv,5-25-24_Cart24,0.85,5.2537390776592225,4.866403295124152,6.385288048549633,True,1.518884753425481,4.852740212559647,0.31299527419464385
3f2cec620ce91700b08e5e26,5-25-24_train-ready_all_carts.csv,5-25-24_Cart24,0.95,5.346644115632451,4.250606087838192,5.610431101420756,True,1.3598250135825642,4.852740212559647,0.2802179704701944
63e72855206a018f923ab3e5,5-25-24_train-ready_all_carts.csv,5-25-24_Cart32,0.05,0.8683449824090679,0.3710078147750234,1.2770744754955123,True,0.9060666607204889,4.936694129271665,0.18353712767984787
63e72855206a018f923ab3e5,5-25-24_train-ready_all_carts.csv,5-25-24_Cart32,0.15,1.2959276093946062,0.5888402853173311,1.3926654246202521,True,0.803825139302921,4.936694129271665,0.16282660384744424
63e72855206a018f923ab3e5,5-25-24_train-ready_all_carts.csv,5-25-24_Cart32,0.25,1.5839148200252482,0.7842626315435515,1.9396160843380108,True,1.1553534527944593,4.936694129271665,0.23403383368313208
63e72855206a018f923ab3e5,5-25-24_train-ready_all_carts.csv,5-25-24_Cart32,0.35,2.3309367883404573,1.7941045656093433,3.0090097529035718,True,1.2149051872942285,4.936694129271665,0.24609691333529501
63e72855206a018f923ab3e5,5-25-24_train-ready_all_carts.csv,5-25-24_Cart32,0.45,2.722514033216362,2.338662236861987,3.101053306852363,True,0.7623910699903758,4.936694129271665,0.15443352373602598
63e72855206a018f923ab3e5,5-25-24_train-ready_all_carts.csv,5-25-24_Cart32,0.55,3.212700302443675,2.750394088962688,3.5715958431878616,True,0.8212017542251737,4.936694129271665,0.1663464927583694
63e72855206a018f923ab3e5,5-25-24_train-ready_all_carts.csv,5-25-24_Cart32,0.65,3.5572775839723896,3.266943376265607,4.1806566450885425,True,0.9137132688229355,4.936694129271665,0.1850860606099046
63e72855206a018f923ab3e5,5-25-24_train-ready_all_carts.csv,5-25-24_Cart32,0.75,4.358704490267065,3.870728749111003,4.6758424048477965,True,0.8051136557367933,4.936694129271665,0.16308761180137685
63e72855206a018f923ab3e5,5-25-24_train-ready_all_carts.csv,5-25-24_Cart32,0.85,4.576033128772717,3.8688275812598927,4.833875894372681,True,0.965048313112788,4.936694129271665,0.19548472881692722
63e72855206a018f923ab3e5,5-25-24_train-ready_all_carts.csv,5-25-24_Cart32,0.95,4.9317749067142795,3.7523968146410143,5.624465437487822,True,1.8720686228468075,4.936694129271665,0.3792150321298118
08440ce6e5c476d013a5e03c,5-25-24_train-ready_all_carts.csv,5-25-24_Cart38,0.05,0.9823838567093688,0.5788527322192716,1.3051473869450951,True,0.7262946547258236,4.867718713471609,0.14920637314472868
08440ce6e5c476d013a5e03c,5-25-24_train-ready_all_carts.csv,5-25-24_Cart38,0.15,1.6411039366998033,1.2925288553687595,1.9786894065304017,True,0.6861605511616422,4.867718713471609,0.14096142187975347
08440ce6e5c476d013a5e03c,5-25-24_train-ready_all_carts.csv,5-25-24_Cart38,0.25,2.399255979215466,1.8902700460668438,3.1595587197815065,True,1.2692886737146627,4.867718713471609,0.26075637242592814
08440ce6e5c476d013a5e03c,5-25-24_train-ready_all_carts.csv,5-25-24_Cart38,0.35,2.987636709069395,2.680937510125213,4.500344101077007,True,1.8194065909517945,4.867718713471609,0.37376987004538964
08440ce6e5c476d013a5e03c,5-25-24_train-ready_all_carts.csv,5-25-24_Cart38,0.45,3.707884341313618,3.1911377632352163,4.591101623880443,True,1.3999638606452272,4.867718713471609,0.2876016349857625
08440ce6e5c476d013a5e03c,5-25-24_train-ready_all_carts.csv,5-25-24_Cart38,0.55,4.262247883506724,3.7429725871380857,4.9714512807029125,True,1.2284786935648269,4.867718713471609,0.25237257242596256
08440ce6e5c476d013a5e03c,5-25-24_train-ready_all_carts.csv,5-25-24_Cart38,0.65,4.901035973072926,4.496853623140177,5.476423006257024,True,0.9795693831168473,4.867718713471609,0.20123787769532558
08440ce6e5c476d013a5e03c,5-25-24_train-ready_all_carts.csv,5-25-24_Cart38,0.75,5.755531859036936,5.229019303266253,6.087785423615769,True,0.8587661203495163,4.867718713471609,0.17642065429393983
08440ce6e5c476d013a5e03c,5-25-24_train-ready_all_carts.csv,5-25-24_Cart38,0.85,6.374627347254634,4.844149821078754,6.089660028378384,False,1.2455102072996302,4.867718713471609,0.2558714421711818
08440ce6e5c476d013a5e03c,5-25-24_train-ready_all_carts.csv,5-25-24_Cart38,0.95,5.285890390639618,4.2677272926966126,5.571100737123376,True,1.3033734444267635,4.867718713471609,0.267758578740309
537a20d3579b3760044ead32,5-25-24_train-ready_all_carts.csv,5-25-24_Cart4,0.05,1.5585153632733235,0.5480408689060203,1.5796968077945197,True,1.0316559388884994,5.091651753666808,0.2026171444552431
537a20d3579b3760044ead32,5-25-24_train-ready_all_carts.csv,5-25-24_Cart4,0.15,1.916840317790649,1.560824586899596,2.268756885978257,True,0.7079322990786612,5.091651753666808,0.13903784730934046
537a20d3579b3760044ead32,5-25-24_train-ready_all_carts.csv,5-25-24_Cart4,0.25,2.679831872296291,2.1825827262183717,4.0766286646416985,True,1.8940459384233268,5.091651753666808,0.37199047186589485
537a20d3579b3760044ead32,5-25-24_train-ready_all_carts.csv,5-25-24_Cart4,0.35,3.5701820532543533,2.993175877077048,4.1569970287761295,True,1.1638211516990817,5.091651753666808,0.22857438175361136
537a20d3579b3760044ead32,5-25-24_train-ready_all_carts.csv,5-25-24_Cart4,0.45,4.4602255524390255,3.9429506314086633,4.9199369247326405,True,0.9769862933239772,5.091651753666808,0.19188003040867632
537a20d3579b3760044ead32,5-25-24_train-ready_all_carts.csv,5-25-24_Cart4,0.55,5.504077853524501,4.599834616646138,5.815784618555299,True,1.2159500019091611,5.091651753666808,0.23881248379437608
537a20d3579b3760044ead32,5-25-24_train-ready_all_carts.csv,5-25-24_Cart4,0.65,5.467128337363587,5.116457269808343,7.190355372986268,True,2.0738981031779247,5.091651753666808,0.4073134227383844
537a20d3579b3760044ead32,5-25-24_train-ready_all_carts.csv,5-25-24_Cart4,0.75,6.345128939410097,5.120299990421723,7.186512652372889,True,2.066212661951166,5.091651753666808,0.4058040026918889
537a20d3579b3760044ead32,5-25-24_train-ready_all_carts.csv,5-25-24_Cart4,0.85,5.658298195305038,5.269595668683219,6.232841758554351,True,0.9632460898711326,5.091651753666808,0.18918145554189572
537a20d3579b3760044ead32,5-25-24_train-ready_all_carts.csv,5-25-24_Cart4,0.95,6.52914815100287,3.8840163395562506,8.900375649220294,True,5.016359309664043,5.091651753666808,0.9852125699781918
02e32b83d42c8a3b73e9437a,5-25-24_train-ready_all_carts.csv,5-25-24_Cart60,0.05,1.5307747515291283,1.0825583112278336,1.7513384401090684,True,0.6687801288812347,5.222487397899636,0.12805777743957844
02e32b83d42c8a3b73e9437a,5-25-24_train-ready_all_carts.csv,5-25-24_Cart60,0.15,1.551051100741616,1.7302293565661926,2.0162070292438306,False,0.28597767267763796,5.222487397899636,0.054758901437014784
02e32b83d42c8a3b73e9437a,5-25-24_train-ready_all_carts.csv,5-25-24_Cart60,0.25,2.0941315179511113,1.7194943513137266,2.458645436660401,True,0.7391510853466743,5.222487397899636,0.1415323827576767
02e32b83d42c8a3b73e9437a,5-25-24_train-ready_all_carts.csv,5-25-24_Cart60,0.35,2.6156557964966742,2.246705764032172,2.511061058491881,False,0.26435529445970873,5.222487397899636,0.050618656268280576
02e32b83d42c8a3b73e9437a,5-25-24_train-ready_all_carts.csv,5-25-24_Cart60,0.45,3.214462478796589,2.285833973617197,3.57075333286755,True,1.284919359250353,5.222487397899636,0.2460358946518699
02e32b83d42c8a3b73e9437a,5-25-24_train-ready_all_carts.csv,5-25-24_Cart60,0.55,3.594447838334809,3.2340728260671265,4.060052152648627,True,0.8259793265815003,5.222487397899636,0.15815822301719487
02e32b83d42c8a3b73e9437a,5-25-24_train-ready_all_carts.csv,5-25-24_Cart60,0.65,4.305336868458985,3.7463378392156024,4.726269667217356,True,0.9799318280017539,5.222487397899636,0.18763699236418643
02e32b83d42c8a3b73e9437a,5-25-24_train-ready_all_carts.csv,5-25-24_Cart60,0.75,4.656018072683837,4.329461371185926,6.357809751453199,True,2.028348380267273,5.222487397899636,0.38838741498601376
02e32b83d42c8a3b73e9437a,5-25-24_train-ready_all_carts.csv,5-25-24_Cart60,0.85,5.106230618734738,4.332043842575383,6.359820981009603,True,2.02777713843422,5.222487397899636,0.38827803380621756
02e32b83d42c8a3b73e9437a,5-25-24_train-ready_all_carts.csv,5-25-24_Cart60,0.95,5.355954573988818,4.331793504993855,5.944324976240894,True,1.6125314712470393,5.222487397899636,0.30876694348665396
dcc1165df3709786d0782c97,5-25-24_train-ready_all_carts.csv,5-25-24_Cart61,0.05,1.5596941293719908,1.2116913137242988,2.187356126028121,True,0.9756648123038223,5.603276594301359,0.17412397833369359
dcc1165df3709786d0782c97,5-25-24_train-ready_all_carts.csv,5-25-24_Cart61,0.15,2.561972414986684,2.1709316389366076,3.5975156455324346,True,1.426584006595827,5.603276594301359,0.25459817708208277
dcc1165df3709786d0782c97,5-25-24_train-ready_all_carts.csv,5-25-24_Cart61,0.25,3.663287388540379,2.2146079133523617,4.540425976667492,True,2.32581806331513,5.603276594301359,0.4150817872672093
dcc1165df3709786d0782c97,5-25-24_train-ready_all_carts.csv,5-25-24_Cart61,0.35,3.979364889256157,3.9054686351823227,5.073683422018631,True,1.168214786836308,5.603276594301359,0.2084877958772203
dcc1165df3709786d0782c97,5-25-24_train-ready_all_carts.csv,5-25-24_Cart61,0.45,4.846785779628394,4.095861763942278,7.2833755829138225,True,3.187513818971545,5.603276594301359,0.5688660492350687
dcc1165df3709786d0782c97,5-25-24_train-ready_all_carts.csv,5-25-24_Cart61,0.55,5.700656784742986,4.51483290062242,7.29624637665754,True,2.7814134760351195,5.603276594301359,0.4963905367198669
dcc1165df3709786d0782c97,5-25-24_train-ready_all_carts.csv,5-25-24_Cart61,0.65,2.757571255081814,2.6273905179426005,6.5933380950608385,True,3.965947577118238,5.603276594301359,0.7077907917577517
dcc1165df3709786d0782c97,5-25-24_train-ready_all_carts.csv,5-25-24_Cart61,0.75,3.0769809704877247,2.631619366951348,3.8774901117970435,True,1.2458707448456954,5.603276594301359,0.22234682223482774
dcc1165df3709786d0782c97,5-25-24_train-ready_all_carts.csv,5-25-24_Cart61,0.85,4.055861679413727,3.5806772510974,4.610306930332472,True,1.029629679235072,5.603276594301359,0.18375492658745873
dcc1165df3709786d0782c97,5-25-24_train-ready_all_carts.csv,5-25-24_Cart61,0.95,4.871492698066273,3.7697314064845004,7.678554497945839,True,3.908823091461339,5.603276594301359,0.6975959558085509
797dfd346f62b6b625987040,5-25-24_train-ready_all_carts.csv,5-25-24_Cart62,0.05,0.7219976748694119,0.30940433541101436,1.2597862839338336,True,0.9503819485228193,5.19884916105133,0.18280621712260445
797dfd346f62b6b625987040,5-25-24_train-ready_all_carts.csv,5-25-24_Cart62,0.15,1.1443054892339086,0.8986497809177039,1.470300000417361,True,0.5716502194996571,5.19884916105133,0.10995706968810305
797dfd346f62b6b625987040,5-25-24_train-ready_all_carts.csv,5-25-24_Cart62,0.25,1.5216127320626622,1.0876949421719908,1.878942923422157,True,0.7912479812501663,5.19884916105133,0.15219675677033054
797dfd346f62b6b625987040,5-25-24_train-ready_all_carts.csv,5-25-24_Cart62,0.35,2.0736640763675265,1.1132507482746137,2.394457411104322,True,1.2812066628297085,5.19884916105133,0.24644043770845206
797dfd346f62b6b625987040,5-25-24_train-ready_all_carts.csv,5-25-24_Cart62,0.45,2.396328849642913,1.8093736866633707,3.2387668645612426,True,1.429393177897872,5.19884916105133,0.2749441527572258
797dfd346f62b6b625987040,5-25-24_train-ready_all_carts.csv,5-25-24_Cart62,0.55,3.1674825785038037,1.7974318675990322,3.3999577189954824,True,1.6025258513964502,5.19884916105133,0.3082462679244923
797dfd346f62b6b625987040,5-25-24_train-ready_all_carts.csv,5-25-24_Cart62,0.65,2.9089949144128777,3.00170076467901,3.8540764160898937,False,0.8523756514108838,5.19884916105133,0.16395468016204442
797dfd346f62b6b625987040,5-25-24_train-ready_all_carts.csv,5-25-24_Cart62,0.75,4.01087672348969,3.589673243705088,4.2124415267856,True,0.6227682830805121,5.19884916105133,0.11978964262824923
797dfd346f62b6b625987040,5-25-24_train-ready_all_carts.csv,5-25-24_Cart62,0.85,4.573963062973739,3.942997709855517,4.829306202515638,True,0.8863084926601208,5.19884916105133,0.17048167107831386
797dfd346f62b6b625987040,5-25-24_train-ready_all_carts.csv,5-25-24_Cart62,0.95,4.875834851622184,4.050082547492308,5.955022571278269,True,1.9049400237859606,5.19884916105133,0.36641571331927947
ccf8b74ba04c69ad8ce14bd9,5-25-24_train-ready_all_carts.csv,5-25-24_Cart63,0.05,0.8887892692905208,0.371064047255079,1.2343154106228214,True,0.8632513633677423,5.108055628398651,0.16899803490166124
ccf8b74ba04c69ad8ce14bd9,5-25-24_train-ready_all_carts.csv,5-25-24_Cart63,0.15,1.3663896956723618,1.0967717880565053,1.7200945550543,True,0.6233227669977948,5.108055628398651,0.12202740383882688
ccf8b74ba04c69ad8ce14bd9,5-25-24_train-ready_all_carts.csv,5-25-24_Cart63,0.25,1.9748953876627064,1.6325890182188516,2.3413010188449053,True,0.7087120006260537,5.108055628398651,0.13874398639785981
ccf8b74ba04c69ad8ce14bd9,5-25-24_train-ready_all_carts.csv,5-25-24_Cart63,0.35,2.4691913379915458,2.200272023181652,3.0277251373573515,True,0.8274531141756993,5.108055628398651,0.16198984004312844
ccf8b74ba04c69ad8ce14bd9,5-25-24_train-ready_all_carts.csv,5-25-24_Cart63,0.45,3.0012519778547766,2.616788628077958,3.7427726690692857,True,1.1259840409913275,5.108055628398651,0.22043300286929682
ccf8b74ba04c69ad8ce14bd9,5-25-24_train-ready_all_carts.csv,5-25-24_Cart63,0.55,3.665737801343388,3.2265657215429657,4.556933251212614,True,1.3303675296696484,5.108055628398651,0.2604449963844094
ccf8b74ba04c69ad8ce14bd9,5-25-24_train-ready_all_carts.csv,5-25-24_Cart63,0.65,4.211728334737605,3.9010605542619814,5.845926145502686,True,1.9448655912407045,5.108055628398651,0.3807447946392882
ccf8b74ba04c69ad8ce14bd9,5-25-24_train-ready_all_carts.csv,5-25-24_Cart63,0.75,4.633884633362641,4.216930629295189,5.842071044720627,True,1.625140415425438,5.108055628398651,0.3181524504921868
ccf8b74ba04c69ad8ce14bd9,5-25-24_train-ready_all_carts.csv,5-25-24_Cart63,0.85,5.353133413186615,4.921682664568883,5.31528453503116,False,0.3936018704622768,5.108055628398651,0.07705512607850533
ccf8b74ba04c69ad8ce14bd9,5-25-24_train-ready_all_carts.csv,5-25-24_Cart63,0.95,5.318748525021993,4.421826008730761,5.890677332022304,True,1.4688513232915428,5.108055628398651,0.28755585885270013
495a2b524253e89e0f253e3c,5-25-24_train-ready_all_carts.csv,5-25-24_Cart69,0.05,1.0151946312905207,1.341191602167982,1.9560481496104047,False,0.6148565474424228,1.4242789977964656,0.43169670295895773
495a2b524253e89e0f253e3c,5-25-24_train-ready_all_carts.csv,5-25-24_Cart69,0.15,2.131619265042647,1.64491532418111,2.435297391865394,True,0.7903820676842841,1.4242789977964656,0.5549348610118539
495a2b524253e89e0f253e3c,5-25-24_train-ready_all_carts.csv,5-25-24_Cart69,0.25,2.827543224386337,2.4096519050723906,3.778192665077302,True,1.3685407600049113,1.4242789977964656,0.9608656464935675
495a2b524253e89e0f253e3c,5-25-24_train-ready_all_carts.csv,5-25-24_Cart69,0.35,3.4920134841596404,3.030709303269575,3.7984643048475273,True,0.7677550015779522,1.4242789977964656,0.5390481800024879
495a2b524253e89e0f253e3c,5-25-24_train-ready_all_carts.csv,5-25-24_Cart69,0.45,4.1165620922547,3.731529200139239,4.531477141735594,True,0.7999479415963546,1.4242789977964656,0.5616511532038121
495a2b524253e89e0f253e3c,5-25-24_train-ready_all_carts.csv,5-25-24_Cart69,0.55,4.770053726400452,4.403454746532176,5.073744335770422,True,0.6702895892382461,1.4242789977964656,0.4706167754177843
495a2b524253e89e0f253e3c,5-25-24_train-ready_all_carts.csv,5-25-24_Cart69,0.65,0.5433937088289562,0.2535689910818899,5.064388000046358,True,4.810819008964468,1.4242789977964656,3.377722353841765
495a2b524253e89e0f253e3c,5-25-24_train-ready_all_carts.csv,5-25-24_Cart69,0.75,1.5332881680485844,0.254643908717428,1.736691467291052,True,1.4820475585736241,1.4242789977964656,1.040559862826408
495a2b524253e89e0f253e3c,5-25-24_train-ready_all_carts.csv,5-25-24_Cart69,0.85,2.025797290260003,1.6625045699224161,2.2015859526556083,True,0.5390813827331922,1.4242789977964656,0.3784942301102644
495a2b524253e89e0f253e3c,5-25-24_train-ready_all_carts.csv,5-25-24_Cart69,0.95,2.3983803263641987,0.48709058349170953,2.3409609690240583,False,1.8538703855323488,1.4242789977964656,1.3016202502462746
5d0953232aba5c20505ff2a1,5-25-24_train-ready_all_carts.csv,5-25-24_Cart70,0.05,1.0619244960156018,0.8243766153687236,1.2316595922161988,True,0.40728297684747516,5.252452406910164,0.07754148829823775
5d0953232aba5c20505ff2a1,5-25-24_train-ready_all_carts.csv,5-25-24_Cart70,0.15,1.4726938484471428,1.2121256085598655,1.752747161553061,True,0.5406215529931955,5.252452406910164,0.1029274539036184
5d0953232aba5c20505ff2a1,5-25-24_train-ready_all_carts.csv,5-25-24_Cart70,0.25,2.039236965513073,1.6665326030913405,2.250558869134124,True,0.5840262660427835,5.252452406910164,0.11119115811014953
5d0953232aba5c20505ff2a1,5-25-24_train-ready_all_carts.csv,5-25-24_Cart70,0.35,2.349683487678099,2.105681040231115,2.7744993538165397,True,0.6688183135854247,5.252452406910164,0.12733448335591246
5d0953232aba5c20505ff2a1,5-25-24_train-ready_all_carts.csv,5-25-24_Cart70,0.45,2.914551668405343,2.54925019322733,3.324310112070819,True,0.775059918843489,5.252452406910164,0.14756153103335398
5d0953232aba5c20505ff2a1,5-25-24_train-ready_all_carts.csv,5-25-24_Cart70,0.55,3.277634529118761,2.9969523436212784,3.9541685920761043,True,0.9572162484548259,5.252452406910164,0.18224177475563708
5d0953232aba5c20505ff2a1,5-25-24_train-ready_all_carts.csv,5-25-24_Cart70,0.65,4.071944391278746,3.6475725762346194,4.298068867221378,True,0.6504962909867587,5.252452406910164,0.12384620375254825
5d0953232aba5c20505ff2a1,5-25-24_train-ready_all_carts.csv,5-25-24_Cart70,0.75,4.709744922356303,4.011979968023335,5.253224170006968,True,1.2412442019836334,5.252452406910164,0.2363170774000053
5d0953232aba5c20505ff2a1,5-25-24_train-ready_all_carts.csv,5-25-24_Cart70,0.85,5.1675811571890655,4.817519613929514,5.602634592437467,True,0.785114978507953,5.252452406910164,0.14947588624983066
5d0953232aba5c20505ff2a1,5-25-24_train-ready_all_carts.csv,5-25-24_Cart70,0.95,5.632397074289121,4.6056084359369835,6.116621417575095,True,1.5110129816381113,5.252452406910164,0.28767761506038814
481ae3c9395539ef92ba0bf9,5-25-24_train-ready_all_carts.csv,5-25-24_Cart73,0.05,0.9013469623707246,0.044171504074472116,1.4654470840263083,True,1.4212755799518362,5.09944437133602,0.27871185102848206
481ae3c9395539ef92ba0bf9,5-25-24_train-ready_all_carts.csv,5-25-24_Cart73,0.15,-0.14515128142825323,1.1176754847452859,1.4951498100895677,False,0.3774743253442818,5.09944437133602,0.0740226381262369
481ae3c9395539ef92ba0bf9,5-25-24_train-ready_all_carts.csv,5-25-24_Cart73,0.25,1.7766524421516587,1.4110878396019186,2.0929077781910825,True,0.6818199385891639,5.09944437133602,0.13370475074140906
481ae3c9395539ef92ba0bf9,5-25-24_train-ready_all_carts.csv,5-25-24_Cart73,0.35,2.3168142442433446,1.953082652798233,2.5712476543977125,True,0.6181650015994795,5.09944437133602,0.12122203059497724
481ae3c9395539ef92ba0bf9,5-25-24_train-ready_all_carts.csv,5-25-24_Cart73,0.45,2.7011340627935745,2.360168595298414,3.1320710812716683,True,0.7719024859732544,5.09944437133602,0.15136991989011955
481ae3c9395539ef92ba0bf9,5-25-24_train-ready_all_carts.csv,5-25-24_Cart73,0.55,3.500563124931875,2.815468212067317,4.014314286285525,True,1.1988460742182077,5.09944437133602,0.23509347037040393
481ae3c9395539ef92ba0bf9,5-25-24_train-ready_all_carts.csv,5-25-24_Cart73,0.65,3.621784346901417,2.9391859573648933,3.9859731205056113,True,1.046787163140718,5.09944437133602,0.2052747489559273
481ae3c9395539ef92ba0bf9,5-25-24_train-ready_all_carts.csv,5-25-24_Cart73,0.75,3.9133370336379842,3.723904934636486,4.2196118907319375,True,0.49570695609545146,5.09944437133602,0.09720803287546788
481ae3c9395539ef92ba0bf9,5-25-24_train-ready_all_carts.csv,5-25-24_Cart73,0.85,4.4305848073333784,3.964032944799796,4.749291589747298,True,0.7852586449475014,5.09944437133602,0.15398905993787104
481ae3c9395539ef92ba0bf9,5-25-24_train-ready_all_carts.csv,5-25-24_Cart73,0.95,5.130883528157854,3.99075249349164,5.914486905723447,True,1.9237344122318065,5.09944437133602,0.3772439254451169
a886b8aba59217a80287a46b,5-25-24_train-ready_all_carts.csv,5-25-24_Cart74,0.05,-0.40528472477819233,0.0,-0.0,False,-0.0,2.057253585454694,-0.0
a886b8aba59217a80287a46b,5-25-24_train-ready_all_carts.csv,5-25-24_Cart74,0.15,-0.14446564691251715,0.0,0.055449283921181376,False,0.055449283921181376,2.057253585454694,0.02695306223463258
a886b8aba59217a80287a46b,5-25-24_train-ready_all_carts.csv,5-25-24_Cart74,0.25,0.27770194494096745,0.01666023751268292,0.34854522196543825,True,0.3318849844527553,2.057253585454694,0.1613242950695367
a886b8aba59217a80287a46b,5-25-24_train-ready_all_carts.csv,5-25-24_Cart74,0.35,0.5715157141469795,0.290941094938768,1.541304844506489,True,1.250363749567721,2.057253585454694,0.6077829969081647
a886b8aba59217a80287a46b,5-25-24_train-ready_all_carts.csv,5-25-24_Cart74,0.45,1.079071768363347,0.5724966490910762,1.5796618758356873,True,1.0071652267446112,2.057253585454694,0.48956785583728013
a886b8aba59217a80287a46b,5-25-24_train-ready_all_carts.csv,5-25-24_Cart74,0.55,1.5668051407538552,1.373146883610239,2.0146865038966446,True,0.6415396202864057,2.057253585454694,0.31184275230931857
a886b8aba59217a80287a46b,5-25-24_train-ready_all_carts.csv,5-25-24_Cart74,0.65,2.109509493847608,1.887521453783313,2.3367070690144023,True,0.44918561523108935,2.057253585454694,0.21834236596156445
a886b8aba59217a80287a46b,5-25-24_train-ready_all_carts.csv,5-25-24_Cart74,0.75,2.6843993039344434,2.230992919184851,2.957693260917369,True,0.726700341732518,2.057253585454694,0.35323809707781006
a886b8aba59217a80287a46b,5-25-24_train-ready_all_carts.csv,5-25-24_Cart74,0.85,3.11148162990278,2.8499147468440147,3.491719526272748,True,0.6418047794287332,2.057253585454694,0.3119716421769568
a886b8aba59217a80287a46b,5-25-24_train-ready_all_carts.csv,5-25-24_Cart74,0.95,3.582418050064935,0.0,3.6930352464303895,True,3.6930352464303895,2.057253585454694,1.795128841938149
772a1c273550600fe8620597,5-25-24_train-ready_all_carts.csv,5-25-24_Cart75,0.05,0.8995922186726872,0.6538508962110783,1.672992241287232,True,1.0191413450761537,4.91364473528304,0.20741046615724615
772a1c273550600fe8620597,5-25-24_train-ready_all_carts.csv,5-25-24_Cart75,0.15,1.9803574467950504,1.2543512525821785,1.6633866253684721,False,0.40903537278629365,4.91364473528304,0.08324479990365685
772a1c273550600fe8620597,5-25-24_train-ready_all_carts.csv,5-25-24_Cart75,0.25,1.692522607855873,1.373040604196252,1.813920230436927,True,0.4408796262406751,4.91364473528304,0.08972558049931527
772a1c273550600fe8620597,5-25-24_train-ready_all_carts.csv,5-25-24_Cart75,0.35,2.0682190709407227,1.6676912128126866,2.0342079024866746,False,0.366516689673988,4.91364473528304,0.07459161364316168
772a1c273550600fe8620597,5-25-24_train-ready_all_carts.csv,5-25-24_Cart75,0.45,2.3700065415035727,1.831568872241182,2.87841183381744,True,1.0468429615762578,4.91364473528304,0.21304815833738874
772a1c273550600fe8620597,5-25-24_train-ready_all_carts.csv,5-25-24_Cart75,0.55,2.9109060662155892,2.572500835735216,3.947025557210774,True,1.374524721475558,4.91364473528304,0.2797362844744577
772a1c273550600fe8620597,5-25-24_train-ready_all_carts.csv,5-25-24_Cart75,0.65,3.4827819891387106,3.0617189411483183,3.914746972858121,True,0.8530280317098025,4.91364473528304,0.17360392899074042
772a1c273550600fe8620597,5-25-24_train-ready_all_carts.csv,5-25-24_Cart75,0.75,3.8359044893877545,3.544659468080654,4.18249910321506,True,0.6378396351344056,4.91364473528304,0.12980988034285798
772a1c273550600fe8620597,5-25-24_train-ready_all_carts.csv,5-25-24_Cart75,0.85,4.380765237556675,3.9345321107257916,4.852485883557597,True,0.917953772831805,4.91364473528304,0.18681728580015627
772a1c273550600fe8620597,5-25-24_train-ready_all_carts.csv,5-25-24_Cart75,0.95,4.644148356601912,3.9680856648595175,5.595322962362455,True,1.6272372975029374,4.91364473528304,0.3311670633854248
6f1dc2e65c42830c6a2e2f05,5-25-24_train-ready_all_carts.csv,5-25-24_Cart77,0.05,1.3746971043781424,0.6894238022042225,2.7497511800868186,True,2.0603273778825963,6.4246772247507735,0.3206896324604884
6f1dc2e65c42830c6a2e2f05,5-25-24_train-ready_all_carts.csv,5-25-24_Cart77,0.15,2.1047477712955036,2.250605970271411,2.7998932191130455,False,0.5492872488416345,6.4246772247507735,0.0854964739279867
6f1dc2e65c42830c6a2e2f05,5-25-24_train-ready_all_carts.csv,5-25-24_Cart77,0.25,2.9543199262596627,2.475537430348619,4.4690679309914785,True,1.9935305006428594,6.4246772247507735,0.3102927090193535
6f1dc2e65c42830c6a2e2f05,5-25-24_train-ready_all_carts.csv,5-25-24_Cart77,0.35,3.9753859855692912,3.0715264398758393,4.97307393014843,True,1.9015474902725904,6.4246772247507735,0.2959755679159984
6f1dc2e65c42830c6a2e2f05,5-25-24_train-ready_all_carts.csv,5-25-24_Cart77,0.45,4.8661969499111954,3.9670663992287674,5.3377573746733376,True,1.3706909754445702,6.4246772247507735,0.21334783483970934
6f1dc2e65c42830c6a2e2f05,5-25-24_train-ready_all_carts.csv,5-25-24_Cart77,0.55,5.08918055840754,4.913347559318556,5.8637487554260606,True,0.9504011961075047,6.4246772247507735,0.1479297967602369
6f1dc2e65c42830c6a2e2f05,5-25-24_train-ready_all_carts.csv,5-25-24_Cart77,0.65,6.140237253925065,5.480993923459389,6.439890479452052,True,0.9588965559926637,6.4246772247507735,0.14925209819079452
6f1dc2e65c42830c6a2e2f05,5-25-24_train-ready_all_carts.csv,5-25-24_Cart77,0.75,5.10462122134835,4.87558874457176,6.435041711154403,True,1.5594529665826427,6.4246772247507735,0.2427286090848147
6f1dc2e65c42830c6a2e2f05,5-25-24_train-ready_all_carts.csv,5-25-24_Cart77,0.85,5.495843490086877,4.87311454028168,5.637823974914042,True,0.764709434632362,6.4246772247507735,0.11902690327949146
6f1dc2e65c42830c6a2e2f05,5-25-24_train-ready_all_carts.csv,5-25-24_Cart77,0.95,5.898903232866039,4.674686874906388,7.2223069521623335,True,2.547620077255946,6.4246772247507735,0.3965366645099861
2d76f24d7d02f7068f6b47bd,5-25-24_train-ready_all_carts.csv,5-25-24_Cart8,0.05,0.698553007906815,0.5499133982415012,1.19937491396208,True,0.6494615157205788,4.407324061818605,0.147359601111925
2d76f24d7d02f7068f6b47bd,5-25-24_train-ready_all_carts.csv,5-25-24_Cart8,0.15,1.526601579386429,1.186577212687213,2.1309524821567436,True,0.9443752694695307,4.407324061818605,0.21427407111966498
2d76f24d7d02f7068f6b47bd,5-25-24_train-ready_all_carts.csv,5-25-24_Cart8,0.25,1.8610733783336288,1.5863581377808622,2.2011556084012023,True,0.6147974706203401,4.407324061818605,0.13949450097088043
2d76f24d7d02f7068f6b47bd,5-25-24_train-ready_all_carts.csv,5-25-24_Cart8,0.35,2.0835948334417003,1.72231636063126,2.203660315280692,True,0.481343954649432,4.407324061818605,0.10921455919690504
2d76f24d7d02f7068f6b47bd,5-25-24_train-ready_all_carts.csv,5-25-24_Cart8,0.45,2.589287859362761,2.009334006432039,3.509353409924464,True,1.5000194034924252,4.407324061818605,0.340346973005082
2d76f24d7d02f7068f6b47bd,5-25-24_train-ready_all_carts.csv,5-25-24_Cart8,0.55,3.1624278410359152,2.3260019931902005,4.068431344507694,True,1.7424293513174933,4.407324061818605,0.39534858950183716
2d76f24d7d02f7068f6b47bd,5-25-24_train-ready_all_carts.csv,5-25-24_Cart8,0.65,3.4408025718953184,2.354954469236618,4.809789683288735,True,2.454835214052117,4.407324061818605,0.5569899511857479
2d76f24d7d02f7068f6b47bd,5-25-24_train-ready_all_carts.csv,5-25-24_Cart8,0.75,3.8647687316895167,3.6885017763569836,4.80646343164358,True,1.1179616552865967,4.407324061818605,0.2536599622822583
2d76f24d7d02f7068f6b47bd,5-25-24_train-ready_all_carts.csv,5-25-24_Cart8,0.85,4.094241654391502,3.893075251099235,4.549690518792758,True,0.6566152676935233,4.407324061818605,0.14898275200180822
2d76f24d7d02f7068f6b47bd,5-25-24_train-ready_all_carts.csv,5-25-24_Cart8,0.95,4.631870347721203,3.8584179414778697,4.980976007245079,True,1.1225580657672096,4.407324061818605,0.2547028650541312
