product,individual_worst_width_share,paired_worst_width_share,paired_minus_individual,smaller_worst_width
Amarante,0.2999170342623853,0.14285714285714288,-0.15705989140524243,seven_paired_market_groups
Aubergine violette,0.27862377580259307,0.14285714285714288,-0.1357666329454502,seven_paired_market_groups
Baselle,0.456263022963021,0.14285714285714282,-0.3134058801058782,seven_paired_market_groups
Carotte,0.39666000391364864,0.14285714285714285,-0.2538028610565058,seven_paired_market_groups
Chou pomme,0.34213066429372535,0.14285714285714285,-0.1992735214365825,seven_paired_market_groups
Ciboule,0.35773575251930867,0.14285714285714288,-0.2148786096621658,seven_paired_market_groups
Concombre,0.3353954049063308,0.14285714285714282,-0.19253826204918797,seven_paired_market_groups
Courgette,0.4710449108553374,0.14285714285714285,-0.32818776799819455,seven_paired_market_groups
Grande morelle,0.3310507047116941,0.14285714285714282,-0.1881935618545513,seven_paired_market_groups
Haricot vert,0.35702276618034084,0.14285714285714285,-0.214165623323198,seven_paired_market_groups
Laitue,0.38659871789269157,0.14285714285714288,-0.2437415750355487,seven_paired_market_groups
Morelle amere,0.26449111696165256,0.14285714285714285,-0.12163397410450971,seven_paired_market_groups
Oseille de guinee,0.3450291994931409,0.14285714285714288,-0.20217205663599805,seven_paired_market_groups
Piment,0.2745126842021241,0.14285714285714285,-0.13165554134498125,seven_paired_market_groups
Poivron,0.3375948343643245,0.14285714285714285,-0.19473769150718168,seven_paired_market_groups
Tomate,0.3336887077957683,0.14285714285714285,-0.19083156493862546,seven_paired_market_groups
