product,design,dry_total_kg,no_loss_mean_width_share,worst_single_loss_mean_width_share,mean_single_loss_mean_width_share
Amarante,seven_individual_markets,3478.2,0.11520685987004772,0.2999170342623853,0.19448835252576102
Amarante,seven_paired_market_groups,3478.2,0.14285714285714288,0.14285714285714288,0.14285714285714288
Aubergine violette,seven_individual_markets,2919.190794069814,0.10920345286553765,0.27862377580259307,0.1886074640315471
Aubergine violette,seven_paired_market_groups,2919.190794069814,0.14285714285714288,0.14285714285714288,0.14285714285714288
Baselle,seven_individual_markets,2550.7918490566044,0.1875594044166884,0.456263022963021,0.2653643145306335
Baselle,seven_paired_market_groups,2550.7918490566044,0.14285714285714282,0.14285714285714282,0.14285714285714282
Carotte,seven_individual_markets,986.1748870764891,0.0584963469874009,0.39666000391364864,0.13893519704888252
Carotte,seven_paired_market_groups,986.1748870764891,0.14285714285714285,0.14285714285714285,0.14285714285714285
Chou pomme,seven_individual_markets,2218.5671566136334,0.1341901561559321,0.34213066429372535,0.21308423460172943
Chou pomme,seven_paired_market_groups,2218.5671566136334,0.14285714285714285,0.14285714285714285,0.14285714285714285
Ciboule,seven_individual_markets,1843.7413466925227,0.15681466050806017,0.35773575251930867,0.23524701437524262
Ciboule,seven_paired_market_groups,1843.7413466925227,0.14285714285714288,0.14285714285714288,0.14285714285714288
Concombre,seven_individual_markets,2288.3227480195865,0.07509519023672731,0.3353954049063308,0.15519528839516145
Concombre,seven_paired_market_groups,2288.3227480195865,0.14285714285714282,0.14285714285714282,0.14285714285714282
Courgette,seven_individual_markets,474.75,0.19344391785150078,0.4710449108553374,0.2711287358545314
Courgette,seven_paired_market_groups,474.75,0.14285714285714285,0.14285714285714285,0.14285714285714285
Grande morelle,seven_individual_markets,1376.1033990147785,0.1191062387589087,0.3310507047116941,0.19830815225362483
Grande morelle,seven_paired_market_groups,1376.1033990147785,0.14285714285714282,0.14285714285714282,0.14285714285714282
Haricot vert,seven_individual_markets,465.9166666666667,0.053443033446610624,0.35702276618034084,0.13398501235586346
Haricot vert,seven_paired_market_groups,465.9166666666667,0.14285714285714285,0.14285714285714285,0.14285714285714285
Laitue,seven_individual_markets,772.6727272727273,0.0925359437136739,0.38659871789269157,0.17228010812768055
Laitue,seven_paired_market_groups,772.6727272727273,0.14285714285714288,0.14285714285714288,0.14285714285714288
Morelle amere,seven_individual_markets,1408.9050000000002,0.11514793403387734,0.26449111696165256,0.19443062925767576
Morelle amere,seven_paired_market_groups,1408.9050000000002,0.14285714285714285,0.14285714285714285,0.14285714285714285
Oseille de guinee,seven_individual_markets,829.7599999999999,0.20243805437716936,0.3450291994931409,0.27993931857355364
Oseille de guinee,seven_paired_market_groups,829.7599999999999,0.14285714285714288,0.14285714285714288,0.14285714285714288
Piment,seven_individual_markets,980.6208333333334,0.07436487939188183,0.2745126842021241,0.154479881853272
Piment,seven_paired_market_groups,980.6208333333334,0.14285714285714285,0.14285714285714285,0.14285714285714285
Poivron,seven_individual_markets,1796.93,0.0517243298292087,0.3375948343643245,0.13230138432249017
Poivron,seven_paired_market_groups,1796.93,0.14285714285714285,0.14285714285714285,0.14285714285714285
Tomate,seven_individual_markets,4296.095630461492,0.15031687719933484,0.3336887077957683,0.22888183888914435
Tomate,seven_paired_market_groups,4296.095630461492,0.14285714285714285,0.14285714285714285,0.14285714285714285
