product,design,threshold_share,no_loss_above,no_loss_below,one_loss_above,one_loss_below,robust_above,robust_below,markets,single_loss_market_scenarios
Amarante,seven_individual_markets,0.05,5,2,30,12,0,0,14,98
Amarante,seven_individual_markets,0.1,3,4,18,24,0,0,14,98
Amarante,seven_individual_markets,0.25,1,13,6,44,0,1,14,98
Amarante,seven_individual_markets,0.5,0,14,0,90,0,6,14,98
Amarante,seven_paired_market_groups,0.05,0,2,0,14,0,2,14,98
Amarante,seven_paired_market_groups,0.1,0,6,0,42,0,6,14,98
Amarante,seven_paired_market_groups,0.25,0,12,0,84,0,12,14,98
Amarante,seven_paired_market_groups,0.5,0,14,0,98,0,14,14,98
Aubergine violette,seven_individual_markets,0.05,5,2,30,12,0,0,14,98
Aubergine violette,seven_individual_markets,0.1,3,4,18,24,0,0,14,98
Aubergine violette,seven_individual_markets,0.25,1,13,6,44,0,1,14,98
Aubergine violette,seven_individual_markets,0.5,0,14,0,98,0,14,14,98
Aubergine violette,seven_paired_market_groups,0.05,0,2,0,14,0,2,14,98
Aubergine violette,seven_paired_market_groups,0.1,0,6,0,42,0,6,14,98
Aubergine violette,seven_paired_market_groups,0.25,0,12,0,84,0,12,14,98
Aubergine violette,seven_paired_market_groups,0.5,0,14,0,98,0,14,14,98
Baselle,seven_individual_markets,0.05,3,4,18,24,0,0,14,98
Baselle,seven_individual_markets,0.1,1,6,6,36,0,0,14,98
Baselle,seven_individual_markets,0.25,1,6,6,36,0,0,14,98
Baselle,seven_individual_markets,0.5,0,14,0,90,0,6,14,98
Baselle,seven_paired_market_groups,0.05,0,4,0,28,0,4,14,98
Baselle,seven_paired_market_groups,0.1,0,10,0,70,0,10,14,98
Baselle,seven_paired_market_groups,0.25,0,10,0,70,0,10,14,98
Baselle,seven_paired_market_groups,0.5,0,14,0,98,0,14,14,98
Carotte,seven_individual_markets,0.05,4,3,24,18,0,0,14,98
Carotte,seven_individual_markets,0.1,2,5,12,30,0,0,14,98
Carotte,seven_individual_markets,0.25,1,13,6,84,0,6,14,98
Carotte,seven_individual_markets,0.5,1,13,6,84,0,6,14,98
Carotte,seven_paired_market_groups,0.05,0,4,0,28,0,4,14,98
Carotte,seven_paired_market_groups,0.1,0,10,0,70,0,10,14,98
Carotte,seven_paired_market_groups,0.25,0,12,0,84,0,12,14,98
Carotte,seven_paired_market_groups,0.5,0,12,0,84,0,12,14,98
Chou pomme,seven_individual_markets,0.05,5,2,30,12,0,0,14,98
Chou pomme,seven_individual_markets,0.1,2,5,12,30,0,0,14,98
Chou pomme,seven_individual_markets,0.25,1,6,6,36,0,0,14,98
Chou pomme,seven_individual_markets,0.5,0,14,0,90,0,6,14,98
Chou pomme,seven_paired_market_groups,0.05,0,0,0,0,0,0,14,98
Chou pomme,seven_paired_market_groups,0.1,0,6,0,42,0,6,14,98
Chou pomme,seven_paired_market_groups,0.25,0,12,0,84,0,12,14,98
Chou pomme,seven_paired_market_groups,0.5,0,14,0,98,0,14,14,98
Ciboule,seven_individual_markets,0.05,4,3,24,18,0,0,14,98
Ciboule,seven_individual_markets,0.1,2,5,12,30,0,0,14,98
Ciboule,seven_individual_markets,0.25,1,6,6,36,0,0,14,98
Ciboule,seven_individual_markets,0.5,0,14,0,90,0,6,14,98
Ciboule,seven_paired_market_groups,0.05,0,4,0,28,0,4,14,98
Ciboule,seven_paired_market_groups,0.1,0,8,0,56,0,8,14,98
Ciboule,seven_paired_market_groups,0.25,0,10,0,70,0,10,14,98
Ciboule,seven_paired_market_groups,0.5,0,14,0,98,0,14,14,98
Concombre,seven_individual_markets,0.05,4,3,24,18,0,0,14,98
Concombre,seven_individual_markets,0.1,2,5,12,30,0,0,14,98
Concombre,seven_individual_markets,0.25,1,13,6,76,0,5,14,98
Concombre,seven_individual_markets,0.5,0,14,0,90,0,6,14,98
Concombre,seven_paired_market_groups,0.05,0,2,0,14,0,2,14,98
Concombre,seven_paired_market_groups,0.1,0,8,0,56,0,8,14,98
Concombre,seven_paired_market_groups,0.25,0,12,0,84,0,12,14,98
Concombre,seven_paired_market_groups,0.5,0,14,0,98,0,14,14,98
Courgette,seven_individual_markets,0.05,2,5,12,30,0,0,14,98
Courgette,seven_individual_markets,0.1,2,5,12,30,0,0,14,98
Courgette,seven_individual_markets,0.25,1,6,6,36,0,0,14,98
Courgette,seven_individual_markets,0.5,0,14,0,90,0,6,14,98
Courgette,seven_paired_market_groups,0.05,0,6,0,42,0,6,14,98
Courgette,seven_paired_market_groups,0.1,0,8,0,56,0,8,14,98
Courgette,seven_paired_market_groups,0.25,0,12,0,84,0,12,14,98
Courgette,seven_paired_market_groups,0.5,0,12,0,84,0,12,14,98
Grande morelle,seven_individual_markets,0.05,5,2,30,12,0,0,14,98
Grande morelle,seven_individual_markets,0.1,3,4,18,24,0,0,14,98
Grande morelle,seven_individual_markets,0.25,1,13,6,44,0,1,14,98
Grande morelle,seven_individual_markets,0.5,0,14,0,90,0,6,14,98
Grande morelle,seven_paired_market_groups,0.05,0,2,0,14,0,2,14,98
Grande morelle,seven_paired_market_groups,0.1,0,4,0,28,0,4,14,98
Grande morelle,seven_paired_market_groups,0.25,0,12,0,84,0,12,14,98
Grande morelle,seven_paired_market_groups,0.5,0,14,0,98,0,14,14,98
Haricot vert,seven_individual_markets,0.05,3,4,18,24,0,0,14,98
Haricot vert,seven_individual_markets,0.1,3,4,18,24,0,0,14,98
Haricot vert,seven_individual_markets,0.25,1,13,6,76,0,5,14,98
Haricot vert,seven_individual_markets,0.5,1,13,6,84,0,6,14,98
Haricot vert,seven_paired_market_groups,0.05,0,6,0,42,0,6,14,98
Haricot vert,seven_paired_market_groups,0.1,0,8,0,56,0,8,14,98
Haricot vert,seven_paired_market_groups,0.25,0,12,0,84,0,12,14,98
Haricot vert,seven_paired_market_groups,0.5,0,12,0,84,0,12,14,98
Laitue,seven_individual_markets,0.05,2,5,12,30,0,0,14,98
Laitue,seven_individual_markets,0.1,2,5,12,30,0,0,14,98
Laitue,seven_individual_markets,0.25,1,13,6,76,0,5,14,98
Laitue,seven_individual_markets,0.5,0,14,0,90,0,6,14,98
Laitue,seven_paired_market_groups,0.05,0,4,0,28,0,4,14,98
Laitue,seven_paired_market_groups,0.1,0,10,0,70,0,10,14,98
Laitue,seven_paired_market_groups,0.25,0,12,0,84,0,12,14,98
Laitue,seven_paired_market_groups,0.5,0,12,0,84,0,12,14,98
Morelle amere,seven_individual_markets,0.05,5,2,30,12,0,0,14,98
Morelle amere,seven_individual_markets,0.1,5,2,30,12,0,0,14,98
Morelle amere,seven_individual_markets,0.25,0,14,0,58,0,2,14,98
Morelle amere,seven_individual_markets,0.5,0,14,0,98,0,14,14,98
Morelle amere,seven_paired_market_groups,0.05,0,0,0,0,0,0,14,98
Morelle amere,seven_paired_market_groups,0.1,0,2,0,14,0,2,14,98
Morelle amere,seven_paired_market_groups,0.25,0,14,0,98,0,14,14,98
Morelle amere,seven_paired_market_groups,0.5,0,14,0,98,0,14,14,98
Oseille de guinee,seven_individual_markets,0.05,4,3,24,18,0,0,14,98
Oseille de guinee,seven_individual_markets,0.1,2,5,12,30,0,0,14,98
Oseille de guinee,seven_individual_markets,0.25,0,7,0,42,0,0,14,98
Oseille de guinee,seven_individual_markets,0.5,0,14,0,82,0,5,14,98
Oseille de guinee,seven_paired_market_groups,0.05,0,2,0,14,0,2,14,98
Oseille de guinee,seven_paired_market_groups,0.1,0,4,0,28,0,4,14,98
Oseille de guinee,seven_paired_market_groups,0.25,0,12,0,84,0,12,14,98
Oseille de guinee,seven_paired_market_groups,0.5,0,14,0,98,0,14,14,98
Piment,seven_individual_markets,0.05,5,2,30,12,0,0,14,98
Piment,seven_individual_markets,0.1,3,4,18,24,0,0,14,98
Piment,seven_individual_markets,0.25,1,13,6,68,0,4,14,98
Piment,seven_individual_markets,0.5,0,14,0,98,0,14,14,98
Piment,seven_paired_market_groups,0.05,0,4,0,28,0,4,14,98
Piment,seven_paired_market_groups,0.1,0,6,0,42,0,6,14,98
Piment,seven_paired_market_groups,0.25,0,10,0,70,0,10,14,98
Piment,seven_paired_market_groups,0.5,0,14,0,98,0,14,14,98
Poivron,seven_individual_markets,0.05,4,3,24,18,0,0,14,98
Poivron,seven_individual_markets,0.1,3,4,18,24,0,0,14,98
Poivron,seven_individual_markets,0.25,1,13,6,84,0,6,14,98
Poivron,seven_individual_markets,0.5,0,14,0,90,0,6,14,98
Poivron,seven_paired_market_groups,0.05,0,6,0,42,0,6,14,98
Poivron,seven_paired_market_groups,0.1,0,6,0,42,0,6,14,98
Poivron,seven_paired_market_groups,0.25,0,12,0,84,0,12,14,98
Poivron,seven_paired_market_groups,0.5,0,14,0,98,0,14,14,98
Tomate,seven_individual_markets,0.05,4,3,24,18,0,0,14,98
Tomate,seven_individual_markets,0.1,3,4,18,24,0,0,14,98
Tomate,seven_individual_markets,0.25,1,6,6,36,0,0,14,98
Tomate,seven_individual_markets,0.5,0,14,0,90,0,6,14,98
Tomate,seven_paired_market_groups,0.05,0,2,0,14,0,2,14,98
Tomate,seven_paired_market_groups,0.1,0,6,0,42,0,6,14,98
Tomate,seven_paired_market_groups,0.25,0,12,0,84,0,12,14,98
Tomate,seven_paired_market_groups,0.5,0,14,0,98,0,14,14,98
