product,design,market,no_loss_width_share,one_loss_width_share
Amarante,seven_individual_markets,Bifouiti,0.0,1.0
Amarante,seven_individual_markets,Bourreau,0.0,1.0
Amarante,seven_individual_markets,Commission,1.0,1.0
Amarante,seven_individual_markets,Kintele,1.0,1.0
Amarante,seven_individual_markets,Madibou,0.0,1.0
Amarante,seven_individual_markets,Mikalou,0.0,1.0
Amarante,seven_individual_markets,Mokoundzi-ngouaka,1.0,1.0
Amarante,seven_individual_markets,Moungali,1.0,1.0
Amarante,seven_individual_markets,Ouenze,0.0,1.0
Amarante,seven_individual_markets,Plateaux des 15 ans,1.0,1.0
Amarante,seven_individual_markets,Poto-poto,1.0,1.0
Amarante,seven_individual_markets,Talangai,1.0,1.0
Amarante,seven_individual_markets,Texaco,0.0,1.0
Amarante,seven_individual_markets,Total,0.0,1.0
Amarante,seven_paired_market_groups,Bifouiti,1.0,1.0
Amarante,seven_paired_market_groups,Bourreau,1.0,1.0
Amarante,seven_paired_market_groups,Commission,1.0,1.0
Amarante,seven_paired_market_groups,Kintele,1.0,1.0
Amarante,seven_paired_market_groups,Madibou,1.0,1.0
Amarante,seven_paired_market_groups,Mikalou,1.0,1.0
Amarante,seven_paired_market_groups,Mokoundzi-ngouaka,1.0,1.0
Amarante,seven_paired_market_groups,Moungali,1.0,1.0
Amarante,seven_paired_market_groups,Ouenze,1.0,1.0
Amarante,seven_paired_market_groups,Plateaux des 15 ans,1.0,1.0
Amarante,seven_paired_market_groups,Poto-poto,1.0,1.0
Amarante,seven_paired_market_groups,Talangai,1.0,1.0
Amarante,seven_paired_market_groups,Texaco,1.0,1.0
Amarante,seven_paired_market_groups,Total,1.0,1.0
Aubergine violette,seven_individual_markets,Bifouiti,1.0,1.0
Aubergine violette,seven_individual_markets,Bourreau,1.0,1.0
Aubergine violette,seven_individual_markets,Commission,1.0,1.0
Aubergine violette,seven_individual_markets,Kintele,0.0,1.0
Aubergine violette,seven_individual_markets,Madibou,1.0,1.0
Aubergine violette,seven_individual_markets,Mikalou,0.0,1.0
Aubergine violette,seven_individual_markets,Mokoundzi-ngouaka,1.0,1.0
Aubergine violette,seven_individual_markets,Moungali,1.0,1.0
Aubergine violette,seven_individual_markets,Ouenze,0.0,1.0
Aubergine violette,seven_individual_markets,Plateaux des 15 ans,1.0,1.0
Aubergine violette,seven_individual_markets,Poto-poto,0.0,1.0
Aubergine violette,seven_individual_markets,Talangai,0.0,1.0
Aubergine violette,seven_individual_markets,Texaco,0.0,1.0
Aubergine violette,seven_individual_markets,Total,0.0,1.0
Aubergine violette,seven_paired_market_groups,Bifouiti,1.0,1.0
Aubergine violette,seven_paired_market_groups,Bourreau,1.0,1.0
Aubergine violette,seven_paired_market_groups,Commission,1.0,1.0
Aubergine violette,seven_paired_market_groups,Kintele,1.0,1.0
Aubergine violette,seven_paired_market_groups,Madibou,1.0,1.0
Aubergine violette,seven_paired_market_groups,Mikalou,1.0,1.0
Aubergine violette,seven_paired_market_groups,Mokoundzi-ngouaka,1.0,1.0
Aubergine violette,seven_paired_market_groups,Moungali,1.0,1.0
Aubergine violette,seven_paired_market_groups,Ouenze,1.0,1.0
Aubergine violette,seven_paired_market_groups,Plateaux des 15 ans,1.0,1.0
Aubergine violette,seven_paired_market_groups,Poto-poto,1.0,1.0
Aubergine violette,seven_paired_market_groups,Talangai,1.0,1.0
Aubergine violette,seven_paired_market_groups,Texaco,1.0,1.0
Aubergine violette,seven_paired_market_groups,Total,1.0,1.0
Baselle,seven_individual_markets,Bifouiti,0.0,1.0
Baselle,seven_individual_markets,Bourreau,0.0,1.0
Baselle,seven_individual_markets,Commission,1.0,1.0
Baselle,seven_individual_markets,Kintele,1.0,1.0
Baselle,seven_individual_markets,Madibou,0.0,1.0
Baselle,seven_individual_markets,Mikalou,1.0,1.0
Baselle,seven_individual_markets,Mokoundzi-ngouaka,0.0,1.0
Baselle,seven_individual_markets,Moungali,1.0,1.0
Baselle,seven_individual_markets,Ouenze,0.0,1.0
Baselle,seven_individual_markets,Plateaux des 15 ans,1.0,1.0
Baselle,seven_individual_markets,Poto-poto,1.0,1.0
Baselle,seven_individual_markets,Talangai,1.0,1.0
Baselle,seven_individual_markets,Texaco,0.0,1.0
Baselle,seven_individual_markets,Total,0.0,1.0
Baselle,seven_paired_market_groups,Bifouiti,1.0,1.0
Baselle,seven_paired_market_groups,Bourreau,1.0,1.0
Baselle,seven_paired_market_groups,Commission,1.0,1.0
Baselle,seven_paired_market_groups,Kintele,1.0,1.0
Baselle,seven_paired_market_groups,Madibou,1.0,1.0
Baselle,seven_paired_market_groups,Mikalou,1.0,1.0
Baselle,seven_paired_market_groups,Mokoundzi-ngouaka,1.0,1.0
Baselle,seven_paired_market_groups,Moungali,1.0,1.0
Baselle,seven_paired_market_groups,Ouenze,1.0,1.0
Baselle,seven_paired_market_groups,Plateaux des 15 ans,1.0,1.0
Baselle,seven_paired_market_groups,Poto-poto,1.0,1.0
Baselle,seven_paired_market_groups,Talangai,1.0,1.0
Baselle,seven_paired_market_groups,Texaco,1.0,1.0
Baselle,seven_paired_market_groups,Total,1.0,1.0
Carotte,seven_individual_markets,Bifouiti,1.0,1.0
Carotte,seven_individual_markets,Bourreau,0.0,1.0
Carotte,seven_individual_markets,Commission,1.0,1.0
Carotte,seven_individual_markets,Kintele,1.0,1.0
Carotte,seven_individual_markets,Madibou,1.0,1.0
Carotte,seven_individual_markets,Mikalou,1.0,1.0
Carotte,seven_individual_markets,Mokoundzi-ngouaka,0.0,1.0
Carotte,seven_individual_markets,Moungali,0.0,1.0
Carotte,seven_individual_markets,Ouenze,0.0,1.0
Carotte,seven_individual_markets,Plateaux des 15 ans,1.0,1.0
Carotte,seven_individual_markets,Poto-poto,0.0,1.0
Carotte,seven_individual_markets,Talangai,1.0,1.0
Carotte,seven_individual_markets,Texaco,0.0,1.0
Carotte,seven_individual_markets,Total,0.0,1.0
Carotte,seven_paired_market_groups,Bifouiti,1.0,1.0
Carotte,seven_paired_market_groups,Bourreau,1.0,1.0
Carotte,seven_paired_market_groups,Commission,1.0,1.0
Carotte,seven_paired_market_groups,Kintele,1.0,1.0
Carotte,seven_paired_market_groups,Madibou,1.0,1.0
Carotte,seven_paired_market_groups,Mikalou,1.0,1.0
Carotte,seven_paired_market_groups,Mokoundzi-ngouaka,1.0,1.0
Carotte,seven_paired_market_groups,Moungali,1.0,1.0
Carotte,seven_paired_market_groups,Ouenze,1.0,1.0
Carotte,seven_paired_market_groups,Plateaux des 15 ans,1.0,1.0
Carotte,seven_paired_market_groups,Poto-poto,1.0,1.0
Carotte,seven_paired_market_groups,Talangai,1.0,1.0
Carotte,seven_paired_market_groups,Texaco,1.0,1.0
Carotte,seven_paired_market_groups,Total,1.0,1.0
Chou pomme,seven_individual_markets,Bifouiti,1.0,1.0
Chou pomme,seven_individual_markets,Bourreau,1.0,1.0
Chou pomme,seven_individual_markets,Commission,1.0,1.0
Chou pomme,seven_individual_markets,Kintele,1.0,1.0
Chou pomme,seven_individual_markets,Madibou,1.0,1.0
Chou pomme,seven_individual_markets,Mikalou,0.0,1.0
Chou pomme,seven_individual_markets,Mokoundzi-ngouaka,1.0,1.0
Chou pomme,seven_individual_markets,Moungali,0.0,1.0
Chou pomme,seven_individual_markets,Ouenze,0.0,1.0
Chou pomme,seven_individual_markets,Plateaux des 15 ans,0.0,1.0
Chou pomme,seven_individual_markets,Poto-poto,0.0,1.0
Chou pomme,seven_individual_markets,Talangai,1.0,1.0
Chou pomme,seven_individual_markets,Texaco,0.0,1.0
Chou pomme,seven_individual_markets,Total,0.0,1.0
Chou pomme,seven_paired_market_groups,Bifouiti,1.0,1.0
Chou pomme,seven_paired_market_groups,Bourreau,1.0,1.0
Chou pomme,seven_paired_market_groups,Commission,1.0,1.0
Chou pomme,seven_paired_market_groups,Kintele,1.0,1.0
Chou pomme,seven_paired_market_groups,Madibou,1.0,1.0
Chou pomme,seven_paired_market_groups,Mikalou,1.0,1.0
Chou pomme,seven_paired_market_groups,Mokoundzi-ngouaka,1.0,1.0
Chou pomme,seven_paired_market_groups,Moungali,1.0,1.0
Chou pomme,seven_paired_market_groups,Ouenze,1.0,1.0
Chou pomme,seven_paired_market_groups,Plateaux des 15 ans,1.0,1.0
Chou pomme,seven_paired_market_groups,Poto-poto,1.0,1.0
Chou pomme,seven_paired_market_groups,Talangai,1.0,1.0
Chou pomme,seven_paired_market_groups,Texaco,1.0,1.0
Chou pomme,seven_paired_market_groups,Total,1.0,1.0
Ciboule,seven_individual_markets,Bifouiti,1.0,1.0
Ciboule,seven_individual_markets,Bourreau,1.0,1.0
Ciboule,seven_individual_markets,Commission,1.0,1.0
Ciboule,seven_individual_markets,Kintele,1.0,1.0
Ciboule,seven_individual_markets,Madibou,1.0,1.0
Ciboule,seven_individual_markets,Mikalou,0.0,1.0
Ciboule,seven_individual_markets,Mokoundzi-ngouaka,0.0,1.0
Ciboule,seven_individual_markets,Moungali,0.0,1.0
Ciboule,seven_individual_markets,Ouenze,0.0,1.0
Ciboule,seven_individual_markets,Plateaux des 15 ans,1.0,1.0
Ciboule,seven_individual_markets,Poto-poto,1.0,1.0
Ciboule,seven_individual_markets,Talangai,0.0,1.0
Ciboule,seven_individual_markets,Texaco,0.0,1.0
Ciboule,seven_individual_markets,Total,0.0,1.0
Ciboule,seven_paired_market_groups,Bifouiti,1.0,1.0
Ciboule,seven_paired_market_groups,Bourreau,1.0,1.0
Ciboule,seven_paired_market_groups,Commission,1.0,1.0
Ciboule,seven_paired_market_groups,Kintele,1.0,1.0
Ciboule,seven_paired_market_groups,Madibou,1.0,1.0
Ciboule,seven_paired_market_groups,Mikalou,1.0,1.0
Ciboule,seven_paired_market_groups,Mokoundzi-ngouaka,1.0,1.0
Ciboule,seven_paired_market_groups,Moungali,1.0,1.0
Ciboule,seven_paired_market_groups,Ouenze,1.0,1.0
Ciboule,seven_paired_market_groups,Plateaux des 15 ans,1.0,1.0
Ciboule,seven_paired_market_groups,Poto-poto,1.0,1.0
Ciboule,seven_paired_market_groups,Talangai,1.0,1.0
Ciboule,seven_paired_market_groups,Texaco,1.0,1.0
Ciboule,seven_paired_market_groups,Total,1.0,1.0
Concombre,seven_individual_markets,Bifouiti,1.0,1.0
Concombre,seven_individual_markets,Bourreau,1.0,1.0
Concombre,seven_individual_markets,Commission,1.0,1.0
Concombre,seven_individual_markets,Kintele,1.0,1.0
Concombre,seven_individual_markets,Madibou,1.0,1.0
Concombre,seven_individual_markets,Mikalou,0.0,1.0
Concombre,seven_individual_markets,Mokoundzi-ngouaka,1.0,1.0
Concombre,seven_individual_markets,Moungali,0.0,1.0
Concombre,seven_individual_markets,Ouenze,0.0,1.0
Concombre,seven_individual_markets,Plateaux des 15 ans,1.0,1.0
Concombre,seven_individual_markets,Poto-poto,0.0,1.0
Concombre,seven_individual_markets,Talangai,0.0,1.0
Concombre,seven_individual_markets,Texaco,0.0,1.0
Concombre,seven_individual_markets,Total,0.0,1.0
Concombre,seven_paired_market_groups,Bifouiti,1.0,1.0
Concombre,seven_paired_market_groups,Bourreau,1.0,1.0
Concombre,seven_paired_market_groups,Commission,1.0,1.0
Concombre,seven_paired_market_groups,Kintele,1.0,1.0
Concombre,seven_paired_market_groups,Madibou,1.0,1.0
Concombre,seven_paired_market_groups,Mikalou,1.0,1.0
Concombre,seven_paired_market_groups,Mokoundzi-ngouaka,1.0,1.0
Concombre,seven_paired_market_groups,Moungali,1.0,1.0
Concombre,seven_paired_market_groups,Ouenze,1.0,1.0
Concombre,seven_paired_market_groups,Plateaux des 15 ans,1.0,1.0
Concombre,seven_paired_market_groups,Poto-poto,1.0,1.0
Concombre,seven_paired_market_groups,Talangai,1.0,1.0
Concombre,seven_paired_market_groups,Texaco,1.0,1.0
Concombre,seven_paired_market_groups,Total,1.0,1.0
Courgette,seven_individual_markets,Bifouiti,1.0,1.0
Courgette,seven_individual_markets,Bourreau,1.0,1.0
Courgette,seven_individual_markets,Commission,1.0,1.0
Courgette,seven_individual_markets,Kintele,0.0,1.0
Courgette,seven_individual_markets,Madibou,1.0,1.0
Courgette,seven_individual_markets,Mikalou,1.0,1.0
Courgette,seven_individual_markets,Mokoundzi-ngouaka,1.0,1.0
Courgette,seven_individual_markets,Moungali,0.0,1.0
Courgette,seven_individual_markets,Ouenze,0.0,1.0
Courgette,seven_individual_markets,Plateaux des 15 ans,1.0,1.0
Courgette,seven_individual_markets,Poto-poto,0.0,1.0
Courgette,seven_individual_markets,Talangai,0.0,1.0
Courgette,seven_individual_markets,Texaco,0.0,1.0
Courgette,seven_individual_markets,Total,0.0,1.0
Courgette,seven_paired_market_groups,Bifouiti,1.0,1.0
Courgette,seven_paired_market_groups,Bourreau,1.0,1.0
Courgette,seven_paired_market_groups,Commission,1.0,1.0
Courgette,seven_paired_market_groups,Kintele,1.0,1.0
Courgette,seven_paired_market_groups,Madibou,1.0,1.0
Courgette,seven_paired_market_groups,Mikalou,1.0,1.0
Courgette,seven_paired_market_groups,Mokoundzi-ngouaka,1.0,1.0
Courgette,seven_paired_market_groups,Moungali,1.0,1.0
Courgette,seven_paired_market_groups,Ouenze,1.0,1.0
Courgette,seven_paired_market_groups,Plateaux des 15 ans,1.0,1.0
Courgette,seven_paired_market_groups,Poto-poto,1.0,1.0
Courgette,seven_paired_market_groups,Talangai,1.0,1.0
Courgette,seven_paired_market_groups,Texaco,1.0,1.0
Courgette,seven_paired_market_groups,Total,1.0,1.0
Grande morelle,seven_individual_markets,Bifouiti,0.0,1.0
Grande morelle,seven_individual_markets,Bourreau,0.0,1.0
Grande morelle,seven_individual_markets,Commission,1.0,1.0
Grande morelle,seven_individual_markets,Kintele,1.0,1.0
Grande morelle,seven_individual_markets,Madibou,0.0,1.0
Grande morelle,seven_individual_markets,Mikalou,1.0,1.0
Grande morelle,seven_individual_markets,Mokoundzi-ngouaka,1.0,1.0
Grande morelle,seven_individual_markets,Moungali,1.0,1.0
Grande morelle,seven_individual_markets,Ouenze,0.0,1.0
Grande morelle,seven_individual_markets,Plateaux des 15 ans,1.0,1.0
Grande morelle,seven_individual_markets,Poto-poto,0.0,1.0
Grande morelle,seven_individual_markets,Talangai,1.0,1.0
Grande morelle,seven_individual_markets,Texaco,0.0,1.0
Grande morelle,seven_individual_markets,Total,0.0,1.0
Grande morelle,seven_paired_market_groups,Bifouiti,1.0,1.0
Grande morelle,seven_paired_market_groups,Bourreau,1.0,1.0
Grande morelle,seven_paired_market_groups,Commission,1.0,1.0
Grande morelle,seven_paired_market_groups,Kintele,1.0,1.0
Grande morelle,seven_paired_market_groups,Madibou,1.0,1.0
Grande morelle,seven_paired_market_groups,Mikalou,1.0,1.0
Grande morelle,seven_paired_market_groups,Mokoundzi-ngouaka,1.0,1.0
Grande morelle,seven_paired_market_groups,Moungali,1.0,1.0
Grande morelle,seven_paired_market_groups,Ouenze,1.0,1.0
Grande morelle,seven_paired_market_groups,Plateaux des 15 ans,1.0,1.0
Grande morelle,seven_paired_market_groups,Poto-poto,1.0,1.0
Grande morelle,seven_paired_market_groups,Talangai,1.0,1.0
Grande morelle,seven_paired_market_groups,Texaco,1.0,1.0
Grande morelle,seven_paired_market_groups,Total,1.0,1.0
Haricot vert,seven_individual_markets,Bifouiti,1.0,1.0
Haricot vert,seven_individual_markets,Bourreau,1.0,1.0
Haricot vert,seven_individual_markets,Commission,1.0,1.0
Haricot vert,seven_individual_markets,Kintele,1.0,1.0
Haricot vert,seven_individual_markets,Madibou,1.0,1.0
Haricot vert,seven_individual_markets,Mikalou,1.0,1.0
Haricot vert,seven_individual_markets,Mokoundzi-ngouaka,0.0,1.0
Haricot vert,seven_individual_markets,Moungali,0.0,1.0
Haricot vert,seven_individual_markets,Ouenze,0.0,1.0
Haricot vert,seven_individual_markets,Plateaux des 15 ans,0.0,1.0
Haricot vert,seven_individual_markets,Poto-poto,0.0,1.0
Haricot vert,seven_individual_markets,Talangai,1.0,1.0
Haricot vert,seven_individual_markets,Texaco,0.0,1.0
Haricot vert,seven_individual_markets,Total,0.0,1.0
Haricot vert,seven_paired_market_groups,Bifouiti,1.0,1.0
Haricot vert,seven_paired_market_groups,Bourreau,1.0,1.0
Haricot vert,seven_paired_market_groups,Commission,1.0,1.0
Haricot vert,seven_paired_market_groups,Kintele,1.0,1.0
Haricot vert,seven_paired_market_groups,Madibou,1.0,1.0
Haricot vert,seven_paired_market_groups,Mikalou,1.0,1.0
Haricot vert,seven_paired_market_groups,Mokoundzi-ngouaka,1.0,1.0
Haricot vert,seven_paired_market_groups,Moungali,1.0,1.0
Haricot vert,seven_paired_market_groups,Ouenze,1.0,1.0
Haricot vert,seven_paired_market_groups,Plateaux des 15 ans,1.0,1.0
Haricot vert,seven_paired_market_groups,Poto-poto,1.0,1.0
Haricot vert,seven_paired_market_groups,Talangai,1.0,1.0
Haricot vert,seven_paired_market_groups,Texaco,1.0,1.0
Haricot vert,seven_paired_market_groups,Total,1.0,1.0
Laitue,seven_individual_markets,Bifouiti,1.0,1.0
Laitue,seven_individual_markets,Bourreau,1.0,1.0
Laitue,seven_individual_markets,Commission,1.0,1.0
Laitue,seven_individual_markets,Kintele,1.0,1.0
Laitue,seven_individual_markets,Madibou,0.0,1.0
Laitue,seven_individual_markets,Mikalou,1.0,1.0
Laitue,seven_individual_markets,Mokoundzi-ngouaka,1.0,1.0
Laitue,seven_individual_markets,Moungali,0.0,1.0
Laitue,seven_individual_markets,Ouenze,0.0,1.0
Laitue,seven_individual_markets,Plateaux des 15 ans,1.0,1.0
Laitue,seven_individual_markets,Poto-poto,0.0,1.0
Laitue,seven_individual_markets,Talangai,0.0,1.0
Laitue,seven_individual_markets,Texaco,0.0,1.0
Laitue,seven_individual_markets,Total,0.0,1.0
Laitue,seven_paired_market_groups,Bifouiti,1.0,1.0
Laitue,seven_paired_market_groups,Bourreau,1.0,1.0
Laitue,seven_paired_market_groups,Commission,1.0,1.0
Laitue,seven_paired_market_groups,Kintele,1.0,1.0
Laitue,seven_paired_market_groups,Madibou,1.0,1.0
Laitue,seven_paired_market_groups,Mikalou,1.0,1.0
Laitue,seven_paired_market_groups,Mokoundzi-ngouaka,1.0,1.0
Laitue,seven_paired_market_groups,Moungali,1.0,1.0
Laitue,seven_paired_market_groups,Ouenze,1.0,1.0
Laitue,seven_paired_market_groups,Plateaux des 15 ans,1.0,1.0
Laitue,seven_paired_market_groups,Poto-poto,1.0,1.0
Laitue,seven_paired_market_groups,Talangai,1.0,1.0
Laitue,seven_paired_market_groups,Texaco,1.0,1.0
Laitue,seven_paired_market_groups,Total,1.0,1.0
Morelle amere,seven_individual_markets,Bifouiti,0.0,1.0
Morelle amere,seven_individual_markets,Bourreau,0.0,1.0
Morelle amere,seven_individual_markets,Commission,1.0,1.0
Morelle amere,seven_individual_markets,Kintele,1.0,1.0
Morelle amere,seven_individual_markets,Madibou,1.0,1.0
Morelle amere,seven_individual_markets,Mikalou,1.0,1.0
Morelle amere,seven_individual_markets,Mokoundzi-ngouaka,1.0,1.0
Morelle amere,seven_individual_markets,Moungali,0.0,1.0
Morelle amere,seven_individual_markets,Ouenze,0.0,1.0
Morelle amere,seven_individual_markets,Plateaux des 15 ans,1.0,1.0
Morelle amere,seven_individual_markets,Poto-poto,0.0,1.0
Morelle amere,seven_individual_markets,Talangai,1.0,1.0
Morelle amere,seven_individual_markets,Texaco,0.0,1.0
Morelle amere,seven_individual_markets,Total,0.0,1.0
Morelle amere,seven_paired_market_groups,Bifouiti,1.0,1.0
Morelle amere,seven_paired_market_groups,Bourreau,1.0,1.0
Morelle amere,seven_paired_market_groups,Commission,1.0,1.0
Morelle amere,seven_paired_market_groups,Kintele,1.0,1.0
Morelle amere,seven_paired_market_groups,Madibou,1.0,1.0
Morelle amere,seven_paired_market_groups,Mikalou,1.0,1.0
Morelle amere,seven_paired_market_groups,Mokoundzi-ngouaka,1.0,1.0
Morelle amere,seven_paired_market_groups,Moungali,1.0,1.0
Morelle amere,seven_paired_market_groups,Ouenze,1.0,1.0
Morelle amere,seven_paired_market_groups,Plateaux des 15 ans,1.0,1.0
Morelle amere,seven_paired_market_groups,Poto-poto,1.0,1.0
Morelle amere,seven_paired_market_groups,Talangai,1.0,1.0
Morelle amere,seven_paired_market_groups,Texaco,1.0,1.0
Morelle amere,seven_paired_market_groups,Total,1.0,1.0
Oseille de guinee,seven_individual_markets,Bifouiti,1.0,1.0
Oseille de guinee,seven_individual_markets,Bourreau,0.0,1.0
Oseille de guinee,seven_individual_markets,Commission,1.0,1.0
Oseille de guinee,seven_individual_markets,Kintele,1.0,1.0
Oseille de guinee,seven_individual_markets,Madibou,0.0,1.0
Oseille de guinee,seven_individual_markets,Mikalou,0.0,1.0
Oseille de guinee,seven_individual_markets,Mokoundzi-ngouaka,1.0,1.0
Oseille de guinee,seven_individual_markets,Moungali,1.0,1.0
Oseille de guinee,seven_individual_markets,Ouenze,0.0,1.0
Oseille de guinee,seven_individual_markets,Plateaux des 15 ans,1.0,1.0
Oseille de guinee,seven_individual_markets,Poto-poto,1.0,1.0
Oseille de guinee,seven_individual_markets,Talangai,0.0,1.0
Oseille de guinee,seven_individual_markets,Texaco,0.0,1.0
Oseille de guinee,seven_individual_markets,Total,0.0,1.0
Oseille de guinee,seven_paired_market_groups,Bifouiti,1.0,1.0
Oseille de guinee,seven_paired_market_groups,Bourreau,1.0,1.0
Oseille de guinee,seven_paired_market_groups,Commission,1.0,1.0
Oseille de guinee,seven_paired_market_groups,Kintele,1.0,1.0
Oseille de guinee,seven_paired_market_groups,Madibou,1.0,1.0
Oseille de guinee,seven_paired_market_groups,Mikalou,1.0,1.0
Oseille de guinee,seven_paired_market_groups,Mokoundzi-ngouaka,1.0,1.0
Oseille de guinee,seven_paired_market_groups,Moungali,1.0,1.0
Oseille de guinee,seven_paired_market_groups,Ouenze,1.0,1.0
Oseille de guinee,seven_paired_market_groups,Plateaux des 15 ans,1.0,1.0
Oseille de guinee,seven_paired_market_groups,Poto-poto,1.0,1.0
Oseille de guinee,seven_paired_market_groups,Talangai,1.0,1.0
Oseille de guinee,seven_paired_market_groups,Texaco,1.0,1.0
Oseille de guinee,seven_paired_market_groups,Total,1.0,1.0
Piment,seven_individual_markets,Bifouiti,1.0,1.0
Piment,seven_individual_markets,Bourreau,1.0,1.0
Piment,seven_individual_markets,Commission,1.0,1.0
Piment,seven_individual_markets,Kintele,1.0,1.0
Piment,seven_individual_markets,Madibou,1.0,1.0
Piment,seven_individual_markets,Mikalou,0.0,1.0
Piment,seven_individual_markets,Mokoundzi-ngouaka,1.0,1.0
Piment,seven_individual_markets,Moungali,1.0,1.0
Piment,seven_individual_markets,Ouenze,0.0,1.0
Piment,seven_individual_markets,Plateaux des 15 ans,0.0,1.0
Piment,seven_individual_markets,Poto-poto,0.0,1.0
Piment,seven_individual_markets,Talangai,0.0,1.0
Piment,seven_individual_markets,Texaco,0.0,1.0
Piment,seven_individual_markets,Total,0.0,1.0
Piment,seven_paired_market_groups,Bifouiti,1.0,1.0
Piment,seven_paired_market_groups,Bourreau,1.0,1.0
Piment,seven_paired_market_groups,Commission,1.0,1.0
Piment,seven_paired_market_groups,Kintele,1.0,1.0
Piment,seven_paired_market_groups,Madibou,1.0,1.0
Piment,seven_paired_market_groups,Mikalou,1.0,1.0
Piment,seven_paired_market_groups,Mokoundzi-ngouaka,1.0,1.0
Piment,seven_paired_market_groups,Moungali,1.0,1.0
Piment,seven_paired_market_groups,Ouenze,1.0,1.0
Piment,seven_paired_market_groups,Plateaux des 15 ans,1.0,1.0
Piment,seven_paired_market_groups,Poto-poto,1.0,1.0
Piment,seven_paired_market_groups,Talangai,1.0,1.0
Piment,seven_paired_market_groups,Texaco,1.0,1.0
Piment,seven_paired_market_groups,Total,1.0,1.0
Poivron,seven_individual_markets,Bifouiti,1.0,1.0
Poivron,seven_individual_markets,Bourreau,1.0,1.0
Poivron,seven_individual_markets,Commission,1.0,1.0
Poivron,seven_individual_markets,Kintele,0.0,1.0
Poivron,seven_individual_markets,Madibou,1.0,1.0
Poivron,seven_individual_markets,Mikalou,0.0,1.0
Poivron,seven_individual_markets,Mokoundzi-ngouaka,1.0,1.0
Poivron,seven_individual_markets,Moungali,0.0,1.0
Poivron,seven_individual_markets,Ouenze,0.0,1.0
Poivron,seven_individual_markets,Plateaux des 15 ans,1.0,1.0
Poivron,seven_individual_markets,Poto-poto,0.0,1.0
Poivron,seven_individual_markets,Talangai,1.0,1.0
Poivron,seven_individual_markets,Texaco,0.0,1.0
Poivron,seven_individual_markets,Total,0.0,1.0
Poivron,seven_paired_market_groups,Bifouiti,1.0,1.0
Poivron,seven_paired_market_groups,Bourreau,1.0,1.0
Poivron,seven_paired_market_groups,Commission,1.0,1.0
Poivron,seven_paired_market_groups,Kintele,1.0,1.0
Poivron,seven_paired_market_groups,Madibou,1.0,1.0
Poivron,seven_paired_market_groups,Mikalou,1.0,1.0
Poivron,seven_paired_market_groups,Mokoundzi-ngouaka,1.0,1.0
Poivron,seven_paired_market_groups,Moungali,1.0,1.0
Poivron,seven_paired_market_groups,Ouenze,1.0,1.0
Poivron,seven_paired_market_groups,Plateaux des 15 ans,1.0,1.0
Poivron,seven_paired_market_groups,Poto-poto,1.0,1.0
Poivron,seven_paired_market_groups,Talangai,1.0,1.0
Poivron,seven_paired_market_groups,Texaco,1.0,1.0
Poivron,seven_paired_market_groups,Total,1.0,1.0
Tomate,seven_individual_markets,Bifouiti,1.0,1.0
Tomate,seven_individual_markets,Bourreau,1.0,1.0
Tomate,seven_individual_markets,Commission,1.0,1.0
Tomate,seven_individual_markets,Kintele,0.0,1.0
Tomate,seven_individual_markets,Madibou,1.0,1.0
Tomate,seven_individual_markets,Mikalou,0.0,1.0
Tomate,seven_individual_markets,Mokoundzi-ngouaka,0.0,1.0
Tomate,seven_individual_markets,Moungali,1.0,1.0
Tomate,seven_individual_markets,Ouenze,0.0,1.0
Tomate,seven_individual_markets,Plateaux des 15 ans,1.0,1.0
Tomate,seven_individual_markets,Poto-poto,0.0,1.0
Tomate,seven_individual_markets,Talangai,1.0,1.0
Tomate,seven_individual_markets,Texaco,0.0,1.0
Tomate,seven_individual_markets,Total,0.0,1.0
Tomate,seven_paired_market_groups,Bifouiti,1.0,1.0
Tomate,seven_paired_market_groups,Bourreau,1.0,1.0
Tomate,seven_paired_market_groups,Commission,1.0,1.0
Tomate,seven_paired_market_groups,Kintele,1.0,1.0
Tomate,seven_paired_market_groups,Madibou,1.0,1.0
Tomate,seven_paired_market_groups,Mikalou,1.0,1.0
Tomate,seven_paired_market_groups,Mokoundzi-ngouaka,1.0,1.0
Tomate,seven_paired_market_groups,Moungali,1.0,1.0
Tomate,seven_paired_market_groups,Ouenze,1.0,1.0
Tomate,seven_paired_market_groups,Plateaux des 15 ans,1.0,1.0
Tomate,seven_paired_market_groups,Poto-poto,1.0,1.0
Tomate,seven_paired_market_groups,Talangai,1.0,1.0
Tomate,seven_paired_market_groups,Texaco,1.0,1.0
Tomate,seven_paired_market_groups,Total,1.0,1.0
