product,market,rainy_kg,dry_kg,dry_share,rainy_rows,dry_rows
Amarante,Bifouiti,298.75,426.0,0.12247714335000863,8,15
Amarante,Bourreau,257.05,129.825,0.03732534069346213,17,51
Amarante,Commission,58.5,31.5,0.009056408487148525,5,8
Amarante,Kintele,61.12,142.5,0.0409694669656719,13,15
Amarante,Madibou,1345.0,64.0,0.0184003220056351,27,8
Amarante,Mikalou,342.9,532.575,0.15311799206486115,31,47
Amarante,Mokoundzi-ngouaka,125.75,298.7,0.08587775286067506,19,33
Amarante,Moungali,72.15,71.39999999999996,0.02052785923753665,11,41
Amarante,Ouenze,565.5,300.75,0.08646713817491807,37,12
Amarante,Plateaux des 15 ans,19.175,37.5,0.010781438675176816,7,7
Amarante,Poto-poto,134.875,128.1,0.036829394514404,12,24
Amarante,Talangai,175.3,91.725,0.02637139899948249,22,13
Amarante,Texaco,467.9,199.5,0.05735725375194066,56,20
Amarante,Total,600.3138461538463,1024.1250000000002,0.29444109021907894,68,58
Aubergine violette,Bifouiti,16.8,43.2,0.01479862162067604,8,16
Aubergine violette,Bourreau,120.79166666666667,127.52000000000001,0.04368333863584742,10,22
Aubergine violette,Commission,62.77777777777777,28.000000000000004,0.009591699198586323,12,7
Aubergine violette,Kintele,604.8000000000001,41.92551724137931,0.014362033933016247,13,5
Aubergine violette,Madibou,108.33333333333334,13.571428571428573,0.0046490378768658195,4,3
Aubergine violette,Mikalou,435.4166666666667,482.1818181818182,0.16517653425098003,31,29
Aubergine violette,Mokoundzi-ngouaka,72.79999999999998,225.11999999999998,0.07711726155663401,24,14
Aubergine violette,Moungali,161.39999999999986,158.56000000000003,0.05431642231885169,36,37
Aubergine violette,Ouenze,1233.0,234.5,0.08033048078816044,65,24
Aubergine violette,Plateaux des 15 ans,77.875,41.6,0.014250524523613963,13,7
Aubergine violette,Poto-poto,239.2,343.0,0.11749831518268243,21,29
Aubergine violette,Talangai,185.1875,110.0,0.03768167542301769,30,18
Aubergine violette,Texaco,923.4399999999997,284.21052631578937,0.09735935276760548,43,17
Aubergine violette,Total,944.2999999999997,785.8015037593989,0.2691847019234626,67,61
Baselle,Bifouiti,195.52499999999998,136.8,0.05363040502524528,5,7
Baselle,Bourreau,618.875,38.75,0.015191361072574959,17,23
Baselle,Commission,14.9,7.200000000000001,0.002822652896065541,5,3
Baselle,Kintele,27.83431952662722,173.625,0.06806709848324716,8,12
Baselle,Madibou,305.25,178.5,0.0699782697149582,16,5
Baselle,Mikalou,134.6,629.2,0.246668500306172,18,42
Baselle,Mokoundzi-ngouaka,176.00000000000009,65.8,0.025795911189043414,21,12
Baselle,Moungali,65.94,48.525,0.019023504414108383,17,26
Baselle,Ouenze,279.0,66.5,0.026070335776160896,26,6
Baselle,Plateaux des 15 ans,66.525,44.25,0.017347554257069468,7,9
Baselle,Poto-poto,76.35,46.85,0.018366845580648692,8,21
Baselle,Talangai,67.12999999999998,7.199999999999999,0.0028226528960655405,10,8
Baselle,Texaco,394.8,27.735849056603772,0.010873427036730462,29,15
Baselle,Total,1037.4,1079.8560000000004,0.42334148135190997,57,43
Carotte,Bifouiti,0.0,3.0,0.0030420567784822487,0,4
Carotte,Bourreau,23.75,18.83076923076923,0.019094756394165503,11,15
Carotte,Commission,3.8,3.5,0.0035490662415626237,2,3
Carotte,Kintele,0.3,41.41176470588236,0.041992313177480464,1,5
Carotte,Madibou,5.800000000000001,8.777777777777779,0.008900832796299914,2,6
Carotte,Mikalou,1.0,15.0,0.015210283892411245,3,9
Carotte,Mokoundzi-ngouaka,13.200000000000001,53.50588235294118,0.05425597736681282,4,9
Carotte,Moungali,28.799999999999997,61.50000000000001,0.06236216395888611,18,20
Carotte,Ouenze,28.8,32.0,0.03244860563714399,21,16
Carotte,Plateaux des 15 ans,8.0,29.485714285714284,0.029899072337082673,4,5
Carotte,Poto-poto,11.0,120.47999999999999,0.12216900022384711,11,22
Carotte,Talangai,1.5,14.199999999999998,0.014399068751482643,3,8
Carotte,Texaco,10.199999999999998,15.3,0.015514489570259471,20,5
Carotte,Total,60.2,569.1829787234043,0.5771623128740833,27,42
Chou pomme,Bifouiti,7.5,39.2,0.01766906171090801,4,10
Chou pomme,Bourreau,23.82458823529412,120.67391304347825,0.05439272490974398,10,31
Chou pomme,Commission,4.0,11.5,0.005183525757026584,2,8
Chou pomme,Kintele,10.08,25.599999999999998,0.01153897907651135,6,5
Chou pomme,Madibou,5.823529411764706,11.333333333333334,0.005108402195330547,1,4
Chou pomme,Mikalou,74.4,118.90909090909089,0.05359724656277289,14,26
Chou pomme,Mokoundzi-ngouaka,56.8125,259.79999999999995,0.11710260797178315,11,20
Chou pomme,Moungali,106.8,48.85714285714286,0.02202193551432412,28,25
Chou pomme,Ouenze,163.0,151.94117647058826,0.0684861740685405,30,22
Chou pomme,Plateaux des 15 ans,57.39999999999999,68.10869565217392,0.030699406799176352,9,6
Chou pomme,Poto-poto,169.79999999999998,301.391304347826,0.13584952948093865,16,20
Chou pomme,Talangai,13.3125,127.3125,0.05738501069056061,9,14
Chou pomme,Texaco,230.2,201.04000000000002,0.09061704506022822,23,14
Chou pomme,Total,932.1428571428569,732.9,0.3303483502021551,35,52
Ciboule,Bifouiti,17.53333333333333,11.617647058823534,0.006301126283068049,12,20
Ciboule,Bourreau,39.9,206.95384615384629,0.11224668065566769,24,55
Ciboule,Commission,23.64,87.86666666666666,0.04765672084334941,15,33
Ciboule,Kintele,17.0,79.20000000000005,0.04295613381024214,15,23
Ciboule,Madibou,12.799999999999999,7.384615384615385,0.0040052339217008966,7,5
Ciboule,Mikalou,83.2,306.52,0.16624891585246732,67,73
Ciboule,Mokoundzi-ngouaka,146.2,35.99999999999999,0.019525515368291866,35,18
Ciboule,Moungali,113.99999999999993,174.75,0.09478010585025011,50,54
Ciboule,Ouenze,352.2,37.38,0.020273993457409725,90,36
Ciboule,Plateaux des 15 ans,28.409999999999997,17.0,0.009220382257248938,25,16
Ciboule,Poto-poto,34.33999999999999,168.22857142857137,0.09124304324484324,28,49
Ciboule,Talangai,161.75,94.0,0.05098329012831766,37,26
Ciboule,Texaco,309.7599999999998,40.839999999999975,0.02215061243447332,73,34
Ciboule,Total,757.8,575.9999999999997,0.31240824589266974,87,69
Concombre,Bifouiti,6.6,3.5,0.0015295045259804594,2,4
Concombre,Bourreau,12.71875,55.5,0.024253571769118715,8,17
Concombre,Commission,9.166666666666668,12.705882352941178,0.005552487018685366,3,3
Concombre,Kintele,3.2,0.6,0.00026220077588236446,1,1
Concombre,Madibou,10.0,56.81818181818182,0.024829618928254214,1,5
Concombre,Mikalou,105.60000000000001,162.58064516129036,0.0710479521745762,11,17
Concombre,Mokoundzi-ngouaka,13.333333333333334,197.75999999999996,0.08642137573082731,6,8
Concombre,Moungali,93.0,50.5,0.022068565303432344,20,21
Concombre,Ouenze,258.0,79.3,0.034654202545785835,27,21
Concombre,Plateaux des 15 ans,24.75,16.8,0.007341621724706206,7,5
Concombre,Poto-poto,125.75999999999998,177.77358490566039,0.07768728648942258,13,18
Concombre,Talangai,34.2,108.70588235294119,0.04750461115986369,10,12
Concombre,Texaco,94.66666666666667,366.34999999999997,0.16009542374084038,11,13
Concombre,Total,622.5999999999999,999.4285714285714,0.4367515781126243,37,53
Courgette,Bifouiti,0.0,0.0,0.0,0,0
Courgette,Bourreau,0.0,24.375,0.05134281200631911,0,2
Courgette,Commission,0.0,0.0,0.0,0,0
Courgette,Kintele,8.0,0.0,0.0,3,0
Courgette,Madibou,0.0,0.0,0.0,0,0
Courgette,Mikalou,3.2888888888888888,48.75,0.10268562401263823,3,6
Courgette,Mokoundzi-ngouaka,0.0,108.55,0.22864665613480778,0,6
Courgette,Moungali,4.0,9.0,0.018957345971563982,3,4
Courgette,Ouenze,19.2,12.0,0.02527646129541864,7,2
Courgette,Plateaux des 15 ans,1.6,2.0,0.00421274354923644,2,1
Courgette,Poto-poto,54.3,50.05,0.10542390731964191,8,6
Courgette,Talangai,7.555555555555556,8.45,0.017798841495523958,3,3
Courgette,Texaco,30.22222222222222,3.9,0.008214849921011059,7,1
Courgette,Total,145.33333333333331,207.675,0.4374407582938389,17,20
Grande morelle,Bifouiti,82.9090909090909,133.6,0.09708572778444624,4,8
Grande morelle,Bourreau,145.62,180.4,0.13109480009217145,17,34
Grande morelle,Commission,10.0,43.60000000000001,0.031683665654205516,3,16
Grande morelle,Kintele,6.24,106.5,0.07739244018745153,5,6
Grande morelle,Madibou,186.375,4.344827586206897,0.003157340930425415,13,2
Grande morelle,Mikalou,25.8,47.300000000000004,0.03437241709733763,8,9
Grande morelle,Mokoundzi-ngouaka,34.2,92.48000000000003,0.0672042522867185,6,17
Grande morelle,Moungali,32.5,17.5,0.0127170676364357,5,28
Grande morelle,Ouenze,351.0,94.5,0.06867216523675278,31,11
Grande morelle,Plateaux des 15 ans,34.75,14.625,0.01062783509616412,5,5
Grande morelle,Poto-poto,45.275,138.6,0.10071917568057073,7,18
Grande morelle,Talangai,42.9,5.8,0.004214799559504403,14,3
Grande morelle,Texaco,227.4,27.42857142857143,0.019932057030168607,30,12
Grande morelle,Total,578.97,469.425,0.3411262557276473,42,37
Haricot vert,Bifouiti,0.8,2.75,0.005902343051332498,1,6
Haricot vert,Bourreau,1.9999999999999998,13.55,0.02908245394383831,10,19
Haricot vert,Commission,4.25,0.75,0.0016097299230906814,5,1
Haricot vert,Kintele,1.0,2.0,0.004292613128241817,3,4
Haricot vert,Madibou,2.2800000000000002,7.75,0.01663387587193704,3,8
Haricot vert,Mikalou,0.625,16.0,0.03434090502593454,3,12
Haricot vert,Mokoundzi-ngouaka,9.5,1.8666666666666665,0.004006438919692362,9,7
Haricot vert,Moungali,13.800000000000002,13.600000000000007,0.02918976927204437,16,20
Haricot vert,Ouenze,17.7,14.75,0.0316580218207834,23,15
Haricot vert,Plateaux des 15 ans,8.25,7.0,0.01502414594884636,6,7
Haricot vert,Poto-poto,97.28000000000004,85.0,0.18243605795027723,14,15
Haricot vert,Talangai,1.4999999999999998,7.0,0.01502414594884636,4,5
Haricot vert,Texaco,62.08333333333333,52.6,0.11289572527275979,19,9
Haricot vert,Total,62.40000000000001,241.3,0.5179037739223753,32,52
Laitue,Bifouiti,0.0,10.5,0.013589194531378685,0,3
Laitue,Bourreau,3.6,27.200000000000003,0.03520248488128574,3,31
Laitue,Commission,0.8,9.5,0.012294985528390237,1,6
Laitue,Kintele,1.2,0.8,0.0010353672023907569,3,3
Laitue,Madibou,12.4,27.27272727272727,0.03529660917241216,4,1
Laitue,Mikalou,2.0999999999999996,39.300000000000004,0.05086241381744594,2,11
Laitue,Mokoundzi-ngouaka,8.0,41.699999999999996,0.053968515424618196,1,6
Laitue,Moungali,39.599999999999994,15.45,0.019995529096171492,8,21
Laitue,Ouenze,140.00000000000003,26.4,0.03416711767889498,21,8
Laitue,Plateaux des 15 ans,1.25,14.0,0.018118926041838245,1,3
Laitue,Poto-poto,142.0,163.60000000000002,0.2117325928889098,11,23
Laitue,Talangai,17.2,15.000000000000002,0.019413135044826692,3,5
Laitue,Texaco,60.56000000000001,2.2,0.002847259806574582,12,4
Laitue,Total,209.20000000000002,379.75,0.49147586888486244,22,22
Morelle amere,Bifouiti,62.5,172.79999999999998,0.12264843974575998,5,12
Morelle amere,Bourreau,71.55,230.99999999999997,0.16395711563235274,14,29
Morelle amere,Commission,4.0,61.08,0.04335281654902211,3,14
Morelle amere,Kintele,0.5,6.0,0.004258626380061111,1,1
Morelle amere,Madibou,17.5,3.3,0.0023422445090336107,2,2
Morelle amere,Mikalou,0.0,5.525,0.00392148512497294,0,5
Morelle amere,Mokoundzi-ngouaka,21.5,139.5,0.09901306333642082,9,14
Morelle amere,Moungali,23.2,20.339999999999996,0.014436743428407162,6,27
Morelle amere,Ouenze,117.75,147.0,0.10433634631149721,17,11
Morelle amere,Plateaux des 15 ans,5.75,48.4,0.03435291946582629,3,4
Morelle amere,Poto-poto,36.650000000000006,172.44,0.12239292216295632,10,17
Morelle amere,Talangai,0.5,60.65999999999999,0.04305471270241782,1,14
Morelle amere,Texaco,202.5,13.199999999999998,0.009368978036134441,19,10
Morelle amere,Total,221.45,327.6600000000001,0.23256358661513732,31,33
Oseille de guinee,Bifouiti,63.0,187.0,0.22536637099884307,9,15
Oseille de guinee,Bourreau,279.75,99.75,0.12021548399537217,18,32
Oseille de guinee,Commission,15.0,0.0,0.0,5,0
Oseille de guinee,Kintele,48.6,13.25,0.015968472811415352,10,7
Oseille de guinee,Madibou,157.5,67.0,0.08074623987659084,13,5
Oseille de guinee,Mikalou,114.75,60.0,0.07231006556112612,24,15
Oseille de guinee,Mokoundzi-ngouaka,56.0,69.80000000000001,0.08412070960277673,7,18
Oseille de guinee,Moungali,36.5,27.0,0.032539529502506756,20,35
Oseille de guinee,Ouenze,142.2,38.5,0.04639895873505593,19,13
Oseille de guinee,Plateaux des 15 ans,5.5,5.0,0.00602583879676051,2,3
Oseille de guinee,Poto-poto,70.2,33.900000000000006,0.040855187042036264,16,25
Oseille de guinee,Talangai,191.55,31.5,0.037962784419591215,23,17
Oseille de guinee,Texaco,292.2,32.00000000000001,0.03856536829926727,38,16
Oseille de guinee,Total,209.32500000000002,165.05999999999997,0.19892499035865793,45,27
Piment,Bifouiti,1.05,4.400000000000001,0.004486953418115226,7,19
Piment,Bourreau,0.4320000000000001,16.525,0.01685156937144411,21,26
Piment,Commission,4.125,1.5625,0.001593378344501145,8,10
Piment,Kintele,31.47,17.3,0.01764188503031668,13,23
Piment,Madibou,2.286,59.9,0.061083752214795894,5,8
Piment,Mikalou,99.20000000000002,49.40000000000001,0.05037624973974821,63,53
Piment,Mokoundzi-ngouaka,24.099999999999998,13.159999999999998,0.013420069768726442,33,13
Piment,Moungali,20.799999999999986,33.0,0.03365215063586418,39,32
Piment,Ouenze,148.625,13.200000000000003,0.013460860254345676,63,29
Piment,Plateaux des 15 ans,34.0625,12.25,0.012492086220888977,19,11
Piment,Poto-poto,32.4125,133.41666666666669,0.13605326557580447,21,37
Piment,Talangai,33.2875,57.60000000000002,0.058738299291690235,26,17
Piment,Texaco,116.09999999999992,243.66666666666666,0.2484820415638052,49,30
Piment,Total,91.49333333333331,325.24,0.33166743856995357,59,60
Poivron,Bifouiti,23.53333333333334,7.416666666666666,0.004127409897250681,10,26
Poivron,Bourreau,38.75,46.14,0.02567712710010963,23,29
Poivron,Commission,19.75,26.666666666666664,0.014840125473260874,13,3
Poivron,Kintele,84.3,61.10000000000002,0.034002437490608994,9,15
Poivron,Madibou,15.0,6.0,0.003339028231483697,3,4
Poivron,Mikalou,197.55555555555557,218.81999999999996,0.12177435960221042,66,42
Poivron,Mokoundzi-ngouaka,49.04,50.06666666666666,0.02786233557604729,35,10
Poivron,Moungali,60.39999999999995,11.119999999999997,0.0061883323223497835,47,35
Poivron,Ouenze,393.1500000000001,49.2,0.027380031498166316,82,37
Poivron,Plateaux des 15 ans,46.800000000000004,27.4,0.01524822892377555,23,11
Poivron,Poto-poto,178.8,217.0800000000001,0.12080604141508021,29,29
Poivron,Talangai,32.559999999999995,22.2,0.012354404456489679,31,18
Poivron,Texaco,339.96,177.99999999999997,0.09905783753401633,45,25
Poivron,Total,2330.05,875.72,0.48734230047915056,100,86
Tomate,Bifouiti,37.5,74.69538461538463,0.017386806775379147,11,28
Tomate,Bourreau,21.25,730.9090909090905,0.17013333821681603,11,45
Tomate,Commission,7.6,65.75,0.01530459413747665,4,20
Tomate,Kintele,135.0,196.96551724137933,0.04584756350505658,6,4
Tomate,Madibou,32.5,21.9047619047619,0.005098760313770963,3,8
Tomate,Mikalou,137.5,528.3333333333333,0.1229798819158453,11,30
Tomate,Mokoundzi-ngouaka,132.0,133.16923076923075,0.030997734274114737,25,16
Tomate,Moungali,122.00000000000003,86.94545454545455,0.020238249337134695,23,35
Tomate,Ouenze,565.75,89.5,0.02083286958637506,47,26
Tomate,Plateaux des 15 ans,83.5,42.150000000000006,0.009811234112466021,4,7
Tomate,Poto-poto,189.96,374.92941176470583,0.08727212893173666,20,37
Tomate,Talangai,78.84000000000002,269.19666666666666,0.0626607715056262,15,16
Tomate,Texaco,1273.8400000000001,464.4705882352941,0.108114583144277,42,33
Tomate,Total,951.5,1217.1761904761904,0.28332148424392495,50,84
