season,nom_marche,type_produit,unite_de_transaction_vente,poids_kg,nb_unite,prix_ut,valeur_total_f_cfa,volume_total_kg,nb_grossistes,origine_produit,origine_produit_2,origine_produit_3,origine_produit_4
Dry,Total,Amarante,Bottes,1,2000,500,1000000,2000,70,Agricongo,Jardin Rectorat,,
Dry,Total,Grande morelle,Bottes,1,440,500,220000,440,22,Mayanga,,,
Dry,Total,Morelle amere,Bottes,1,100,500,50000,100,22,Agricongo,,,
Dry,Total,Oseille de guinee,Bottes,1,600,500,300000,600,12,Agricongo,Kindamba,,
Dry,Total,Ciboule,Bottes,20,250,5000,1250000,5000,60,Dolisie,,,
Dry,Total,Laitue,Bottes,0.3,250,250,62500,75,16,Agricongo,Mafouta,,
Dry,Total,Chou pomme,Sacs,40,40,20000,800000,1600,20,Dolisie,,,
Dry,Total,Baselle,Bottes,5,1000,500,500000,5000,40,Agricongo,,,
Dry,Total,Tomate,Panier,51,60,30000,1800000,3060,30,Mayanga,Boko,Kombe,
Dry,Total,Aubergine violette,Double sac,40,2,35000,70000,80,1,Pointe-Noire,,,
Dry,Total,Poivron,Double sac,80,4,100000,400000,320,2,Pointe-Noire,,,
Dry,Total,Concombre,Sacs,50,40,26000,1040000,2000,20,Villaga Samba Alphonse (Gomatsetse),,,
Dry,Total,Piment,Sacs,23,10,45000,450000,230,5,Agricongo,,,
Dry,Total,Carotte,Bottes,1,500,2000,1000000,500,15,Dolisie,,,
Dry,Total,Haricot vert,Tas,0.5,500,500,250000,250,5,Louingui,,,
Dry,Hugos,Amarante,Bottes,1,20,500,10000,20,1,Mayanga,,,
Dry,Hugos,Oseille de guinee,Bottes,1.3,37,500,18500,48.1,2,Mayanga,,,
Dry,Hugos,Ciboule,Bottes,5,100,2500,250000,500,6,Agricongo,,,
Dry,Hugos,Laitue,Bottes,0.4,150,500,75000,60,3,Agricongo,,,
Dry,Hugos,Chou pomme,Sacs,40,12,19000,228000,480,3,Boko,,,
Dry,Hugos,Baselle,Bottes,2,10,500,5000,20,2,Mayanga,,,
Dry,Hugos,Tomate,Panier,16,27,25000,675000,432,10,PK 45,Nkouo,,
Dry,Hugos,Aubergine violette,Sacs,20,3,15000,45000,60,2,Mindouli,Kindamba,,
Dry,Hugos,Poivron,Sacs,20,9,40000,360000,180,3,Madingou,,,
Dry,Hugos,Concombre,Sacs,40,10,25000,250000,400,5,Djiri,,,
Dry,Hugos,Piment,Sacs,23,8,45000,360000,184,4,Agricongo,,,
Dry,Hugos,Carotte,Bottes,1,2400,2500,6000000,2400,6,Kinshasa,,,
Dry,Hugos,Haricot vert,Sacs,28,3,25000,75000,84,3,Louingui,Nkayi,Djiri,Agricongo
Dry,Kibeliba,Oseille de guinee,Bottes,5.4,37,1500,55500,199.8,5,Ngo,,,
Dry,Kibeliba,Tomate,Caisse,48,7,18000,126000,336,2,PK 45,,,
Dry,Kibeliba,Aubergine violette,Sacs,20,15,15000,225000,300,7,Imbouli,,,
Dry,Kibeliba,Poivron,Sacs,27,2,35000,70000,54,1,PK 45,,,
Dry,Kibeliba,Concombre,Sacs,44,2,12000,24000,88,1,PK 45,,,
Dry,Kibeliba,Piment,Sacs,25,10,40000,400000,250,7,Ngo,,,
Dry,Texaco-Tsieme,Amarante,Bottes,1.4,65,650,42250,91,4,Agricongo,Jardin Lycee,,
Dry,Texaco-Tsieme,Morelle amere,Bottes,1.7,15,650,9750,25.5,1,Agricongo,,,
Dry,Texaco-Tsieme,Oseille de guinee,Bottes,1,49,500,24500,49,5,Ngo,100 Km,Inoni,
Dry,Texaco-Tsieme,Ciboule,Bottes,0.55,99,500,49500,54.45,6,Dolisie,Agricongo,Talangai,
Dry,Texaco-Tsieme,Chou pomme,Sacs,40,4,20000,80000,160,3,Bouasa,Boko,,
Dry,Texaco-Tsieme,Baselle,Bottes,2,30,650,19500,60,2,Agricongo,Jardin Lycee,,
Dry,Texaco-Tsieme,Tomate,Panier,51,2,35000,70000,102,3,Agricongo,Mayanga,,
Dry,Texaco-Tsieme,Aubergine violette,Sacs,20,4,15000,60000,80,1,Inga,,,
Dry,Texaco-Tsieme,Poivron,Sacs,27,2,25000,50000,54,2,Inoni,,,
Dry,Texaco-Tsieme,Concombre,Sacs,40,2,15000,30000,80,1,Kombo Matari,,,
Dry,Bourreau,Amarante,Bottes,1.2,40,1000,40000,48,4,Kinkala,Jardin Rectorat,,
Dry,Bourreau,Grande morelle,Bottes,1.2,40,750,30000,48,4,Kinkala,,,
Dry,Bourreau,Morelle amere,Bottes,1.2,40,1000,40000,48,4,Kinkala,,,
Dry,Bourreau,Baselle,Bottes,1.2,40,500,20000,48,4,Kinkala,,,
Dry,Commission,Amarante,Bottes,0.4,26,250,6500,10.4,4,Mayanga,,,
Dry,Commission,Grande morelle,Bottes,0.4,26,250,6500,10.4,4,Mayanga,,,
Dry,Commission,Chou pomme,Sacs,0.4,1,20000,20000,0.4,1,Mindouli,,,
Dry,Commission,Baselle,Bottes,0.4,26,250,6500,10.4,3,Mayanga,,,
Dry,Commission,Aubergine violette,Sac,20,1,11000,11000,20,1,Pointe-Noire,,,
Dry,Commission,Piment,Sacs,23,10,50000,500000,230,10,Vindza,Kindamba,,
Rainy,Bourreau,Amarante,Botte,1.5,25,250,6250,37.5,2,Moulengo (Loumo),,,
Rainy,Bourreau,Grande morelle,Botte,0.45,28,250,7000,12.6,1,Moulengo (Loumo),,,
Rainy,Bourreau,Poivron,Sac,27.1,5,27500,137500,135.5,2,Moulengo (Loumo),,,
Rainy,Bourreau,Piment,Sac,23,2,22500,45000,46,1,Frontiere RDC,,,
Rainy,Bourreau,Concombre,Sac,30,1,18000,18000,30,1,Frontiere RDC,,,
Rainy,Commission,Amarante,Botte,0.75,20,250,5000,15,2,Kindamba,,,
Rainy,Commission,Grande morelle,Botte,1.25,90,500,45000,112.5,2,Louome (Kindamba),,,
Rainy,Commission,Oseille de guinee,Botte,0.7,10,100,1000,7,1,Kindamba,,,
Rainy,Commission,Aubergine violette,Sac,20,1,6500,6500,20,1,Kindamba,,,
Rainy,Commission,Piment,Sac,23,2,25000,50000,46,2,Kindamba,,,
Rainy,Hugos,Amarante,Botte,1.45,40,500,20000,58,3,Agri Congo,,,
Rainy,Hugos,Ciboule,Botte,3.7,21,2500,52500,77.7,1,Agri Congo,,,
Rainy,Hugos,Baselle,Botte,1.8,20,500,10000,36,1,RDC,Agri Congo,,
Rainy,Hugos,Poivron,Sac,14,76,20000,1520000,1064,4,Mathy village,,,
Rainy,Hugos,Aubergine violette,Sac,20,48,6500,312000,960,3,Mathy village,,,
Rainy,Hugos,Concombre,Sac,54,2.5,15000,37500,135,1,Agri Congo,,,
Rainy,Hugos,Tomate,Panier ,51,24,37000,888000,1224,1,Boko ,,,
Rainy,Hugos,Tomate,Caisse,11,38,26000,988000,418,1,Plateau ,,,
Rainy,Hugos,Courgette,Piece  ,2,4,1000,4000,8,1,RDC,Kintele,,
Rainy,Hugos,Chou pomme,Sac,45.25,5,25000,125000,226.25,3,Boko ,,,
Rainy,Hugos,Carotte,Botte,1,232,2500,580000,232,2,RDC,Dolisie,,
Rainy,Kibeliba,Amarante,Botte,30,4,5500,22000,120,2,Mpoumako,,,
Rainy,Kibeliba,Tomate,Caisse,48,100,37500,3750000,4800,5,Imvoumba,Ngo,Djiri,
Rainy,Kibeliba,Aubergine violette,Sac,32,100,6500,650000,3200,10,Imvoumba,,,
Rainy,Kibeliba,Haricot vert,Sac,35,5,24000,120000,175,2,Mabe Liwa,,,
Rainy,Kibeliba,Ciboule,Botte,4,20,2500,50000,80,1,Mabe Liwa,Ngo,,
Rainy,Kibeliba,Poivron,Sac,40,5,27500,137500,200,2,Mabe Liwa,Ngo,Imvoumba,Impfondo
Rainy,Kibeliba,Piment,Sac ,23,2,25000,50000,46,1,Ngo,,,
Rainy,Total,Laitue,Botte,0.7,300,500,150000,210,3,Agri Congo,,,
Rainy,Total,Baselle,Botte,1.35,1200,500,600000,1620,30,Agri Congo,,,
Rainy,Total,Ciboule,Botte,3.6,1500,2500,3750000,5400,30,Agri Congo,,,
Rainy,Total,Concombre,Sac,43.4,10,25000,250000,434,5,Dolisie,,,
Rainy,Total,Chou pomme,Sac,45,5,35000,175000,225,5,Dolisie,,,
Rainy,Total,Haricot vert,Sac,28.9,2,30000,60000,57.8,2,Dolisie,,,
Rainy,Total,Tomate,Panier,51,5,38000,190000,255,3,Kinkala,,,
Rainy,Total,Piment,Sac,23,5,25000,125000,115,5,Kindamba,Kinkala,,
Rainy,Total,Carotte,Botte,1,116,2500,290000,116,2,Dolisie,,,
Rainy,Total,Amarante,Botte,1.5,1500,500,750000,2250,30,Agri Congo,,,
Rainy,Total,Aubergine violette,Sac,32.6,30,12000,360000,978,5,Kindamba,,,
Rainy,Total,Oseille de guinee,Botte,0.25,210,250,52500,52.5,7,Agri Congo,jardin Mairie Mfilou,,
Rainy,Total,Grande morelle,Botte,1.3,100,500,50000,130,3,Agri Congo,,,
Rainy,Texaco-Tsieme,Amarante,Botte,1,100,500,50000,100,10,Inoni Plateau,,,
Rainy,Texaco-Tsieme,Grande morelle,Botte,1.3,100,500,50000,130,5,Inoni Plateau,Imvoumba,100 km,
Rainy,Texaco-Tsieme,Oseille de guinee,Botte,3.7,200,700,140000,740,10,Inoni Plateau,Imvoumba,100 km,
Rainy,Texaco-Tsieme,Aubergine violette,Sac,32,3,6500,19500,96,1,Imvoumba,Nkouo,Mathy village,
Rainy,Texaco-Tsieme,Ciboule,Botte ,0.25,180,500,90000,45,3,Jardin Talangai,,,
Rainy,Texaco-Tsieme,Concombre,Sac,65,10,15000,150000,650,1,100 km,,,
Rainy,Texaco-Tsieme,Tomate,Panier,51,3,37000,111000,153,1,100 km,Nkouo,Imvoumba,
