case,shape,leaves,records,r,method,status,median_seconds,min_seconds,max_seconds,speed_ratio_vs_temflow,maximum_absolute_gap
balanced_L4_r0,balanced,4,12,0,paired_highs_lp,pass,0.009003866667626426,0.008933900001769265,0.00923023333598394,132.79367264853389,0.0
balanced_L4_r0,balanced,4,12,0,expanded_dinic,pass,0.0010016250002081507,0.0009946349993697368,0.0010134100004506764,14.772482457172195,0.0
balanced_L4_r0,balanced,4,12,0,temflow,pass,6.780343135366874e-05,6.509999993973978e-05,6.807598045127758e-05,1.0,0.0
balanced_L8_r0,balanced,8,28,0,temflow,pass,0.00014062066120384183,0.00013960743804504588,0.00014157685949582575,1.0,0.0
balanced_L8_r0,balanced,8,28,0,paired_highs_lp,pass,0.015137299997149967,0.01510335000057239,0.015274600002157968,107.64634348580638,0.0
balanced_L8_r0,balanced,8,28,0,expanded_dinic,pass,0.0019530000003710898,0.0019393818180436608,0.0020087363637602803,13.888428511511883,0.0
balanced_L16_r0,balanced,16,60,0,temflow,pass,0.0002881543477997184,0.00028265652160727137,0.000303510869739314,1.0,0.0
balanced_L16_r0,balanced,16,60,0,paired_highs_lp,pass,0.03538860000844579,0.033854699999210425,0.03541110000514891,122.81126513851054,0.0
balanced_L16_r0,balanced,16,60,0,expanded_dinic,pass,0.0038854000013088807,0.003884383331751451,0.003960233332084802,13.483745884720877,0.0
balanced_L32_r0,balanced,32,124,0,temflow,pass,0.0005751571426766791,0.0005723885717868273,0.0005921914283784905,1.0,0.0
balanced_L32_r0,balanced,32,124,0,paired_highs_lp,pass,0.0884782999928575,0.08594839999568649,0.0885746999992989,153.83326299504031,0.0
balanced_L32_r0,balanced,32,124,0,expanded_dinic,pass,0.007901466665013382,0.007807500000732641,0.008173733328779539,13.737926696417887,0.0
balanced_L128_r0,balanced,128,508,0,expanded_dinic,pass,0.033947800009627827,0.03287719999207184,0.03457930000149645,14.381091857936905,0.0
balanced_L128_r0,balanced,128,508,0,paired_highs_lp,pass,0.8978162999992492,0.8918070999934571,1.0064698000060162,380.33624205929186,0.0
balanced_L128_r0,balanced,128,508,0,temflow,pass,0.002360585715255833,0.002341400000399777,0.002365714286237822,1.0,0.0
balanced_L1024_r0,balanced,1024,4092,0,paired_highs_lp,timeout,,,,,
balanced_L1024_r0,balanced,1024,4092,0,temflow,pass,0.020775749995664228,0.020764749999216292,0.02100225000322098,1.0,0.0
balanced_L1024_r0,balanced,1024,4092,0,expanded_dinic,pass,0.36625659999845084,0.364828599995235,0.3670216000027722,17.629043479772637,0.0
balanced_L4_r1,balanced,4,12,1,temflow,pass,8.903712570642171e-05,8.878802393024932e-05,9.287724551649953e-05,1.0,0.0
balanced_L4_r1,balanced,4,12,1,expanded_dinic,pass,0.009997666667914018,0.009964966666302644,0.010261933333822526,112.28649384840763,0.0
balanced_L4_r1,balanced,4,12,1,paired_highs_lp,pass,0.09343680000165477,0.09273190000385512,0.09575979999499395,1049.4139299795002,0.0
balanced_L8_r1,balanced,8,28,1,paired_highs_lp,pass,0.43010090000461787,0.42907389999891166,0.43795169999066275,2144.8967580994517,0.0
balanced_L8_r1,balanced,8,28,1,expanded_dinic,pass,0.04353819999960251,0.04301280000072438,0.0437097999965772,217.1233402014047,0.0
balanced_L8_r1,balanced,8,28,1,temflow,pass,0.00020052289154734015,0.00019878433741690838,0.00020716987961920044,1.0,0.0
balanced_L16_r1,balanced,16,60,1,expanded_dinic,pass,0.18803409999236465,0.18416330000036396,0.18834170000627637,435.06270221274707,0.0
balanced_L16_r1,balanced,16,60,1,temflow,pass,0.00043220000022069314,0.00041348604637003224,0.0004655534884118107,1.0,0.0
balanced_L16_r1,balanced,16,60,1,paired_highs_lp,pass,2.0999534000002313,2.0793788000009954,2.1195211000012932,4858.753815196525,0.0
balanced_L4_r2,balanced,4,12,2,paired_highs_lp,pass,0.560265399995842,0.5594799999962561,0.5772126999945613,4803.339157949964,0.0
balanced_L4_r2,balanced,4,12,2,expanded_dinic,pass,0.05959140000049956,0.05945060000522062,0.06048539999756031,510.8966305996825,0.0
balanced_L4_r2,balanced,4,12,2,temflow,pass,0.00011664081622646856,0.00011627448987624399,0.00011920306118257458,1.0,0.0
balanced_L8_r2,balanced,8,28,2,paired_highs_lp,pass,6.206334299989976,6.149358499998925,6.239741099998355,23144.52999745868,0.0
balanced_L8_r2,balanced,8,28,2,temflow,pass,0.000268155555574965,0.0002636722223272685,0.00027723148162261133,1.0,0.0
balanced_L8_r2,balanced,8,28,2,expanded_dinic,pass,0.6836672999925213,0.6411837999912677,0.8126278999989154,2549.517568363027,0.0
balanced_L16_r2,balanced,16,60,2,expanded_dinic,pass,5.873999799994635,5.772851400004583,5.94331040000543,10302.580758688133,0.0
balanced_L16_r2,balanced,16,60,2,paired_highs_lp,timeout,,,,,
balanced_L16_r2,balanced,16,60,2,temflow,pass,0.0005701483868535668,0.0005661483873770903,0.0005885838707458348,1.0,0.0
star_L8_r2,star,8,16,2,expanded_dinic,pass,0.20937820000108331,0.20751340000424534,0.2209498000011081,1581.5077632043874,0.0
star_L8_r2,star,8,16,2,paired_highs_lp,pass,1.9929491999937454,1.9662400999950478,2.0324610999959987,15053.451751164994,0.0
star_L8_r2,star,8,16,2,temflow,pass,0.000132391509464898,0.00012598490564345893,0.00013341886795319196,1.0,0.0
comb_L8_r2,comb,8,28,2,paired_highs_lp,pass,6.299960300006205,6.274345199999516,6.620399900013581,21457.63043834751,0.0
comb_L8_r2,comb,8,28,2,temflow,pass,0.0002936000001541352,0.00028228450711639466,0.0002980788730652216,1.0,0.0
comb_L8_r2,comb,8,28,2,expanded_dinic,pass,0.6113941000076011,0.6091304000001401,0.6203571999940323,2082.4049716847044,0.0
random_L8_r2,random,8,28,2,expanded_dinic,pass,0.6369687999977032,0.6182613999990281,0.6518884999968577,2341.6007163628947,0.0
random_L8_r2,random,8,28,2,paired_highs_lp,pass,6.419142900005681,6.337631599992164,6.5626654000079725,23597.811404802393,0.0
random_L8_r2,random,8,28,2,temflow,pass,0.00027202280711080356,0.0002674684209316119,0.00027348070171571813,1.0,0.0
balanced_L128_r1,balanced,128,508,1,temflow,pass,0.0035793499991996214,0.003529749999870546,0.003587533334211912,1.0,0.0
balanced_L128_r3,balanced,128,508,3,temflow,pass,0.006222825002623722,0.006142325000837445,0.006371049999870593,1.0,0.0
balanced_L1024_r1,balanced,1024,4092,1,temflow,pass,0.03147709999757353,0.031248700004653074,0.032039700003224425,1.0,0.0
balanced_L1024_r3,balanced,1024,4092,3,temflow,pass,0.05228550000174437,0.051864300010493025,0.05261820000305306,1.0,0.0
balanced_L8192_r1,balanced,8192,32764,1,temflow,pass,0.26942260000214446,0.268267300009029,0.27431069999875035,1.0,0.0
balanced_L8192_r3,balanced,8192,32764,3,temflow,pass,0.4565130999981193,0.4496423000091454,0.47967400000197813,1.0,0.0
