method,selection,threshold,cases,resolved,above,wrong,resolved_fraction,wrong_among_resolved
information_only,all,0.05,9859,6,3,0,0.0006085809919870169,0.0
information_only,all,0.1,9859,6,3,0,0.0006085809919870169,0.0
information_only,all,0.25,9859,6,3,0,0.0006085809919870169,0.0
information_only,all,0.5,9859,205,2,0,0.020793183892889745,0.0
information_only,positive,0.05,6430,3,3,0,0.00046656298600311044,0.0
information_only,positive,0.1,6430,3,3,0,0.00046656298600311044,0.0
information_only,positive,0.25,6430,3,3,0,0.00046656298600311044,0.0
information_only,positive,0.5,6430,123,2,0,0.019129082426127528,0.0
information_only,named,0.05,9322,0,0,0,0.0,
information_only,named,0.1,9322,0,0,0,0.0,
information_only,named,0.25,9322,0,0,0,0.0,
information_only,named,0.5,9322,182,0,0,0.01952370735893585,0.0
information_only,exclude_source_0,0.05,9767,6,3,0,0.000614313504658544,0.0
information_only,exclude_source_0,0.1,9767,6,3,0,0.000614313504658544,0.0
information_only,exclude_source_0,0.25,9767,6,3,0,0.000614313504658544,0.0
information_only,exclude_source_0,0.5,9767,205,2,0,0.020989044742500258,0.0
temflow_tv,all,0.05,9859,173,170,4,0.017547418602292322,0.023121387283236993
temflow_tv,all,0.1,9859,127,124,3,0.012881630997058526,0.023622047244094488
temflow_tv,all,0.25,9859,1714,49,4,0.1738513033776245,0.002333722287047841
temflow_tv,all,0.5,9859,8390,10,10,0.850999087128512,0.0011918951132300357
temflow_tv,positive,0.05,6430,168,168,2,0.026127527216174184,0.011904761904761904
temflow_tv,positive,0.1,6430,124,124,3,0.019284603421461897,0.024193548387096774
temflow_tv,positive,0.25,6430,984,49,4,0.15303265940902022,0.0040650406504065045
temflow_tv,positive,0.5,6430,5188,10,10,0.8068429237947123,0.0019275250578257518
temflow_tv,named,0.05,9322,167,167,4,0.017914610598583996,0.023952095808383235
temflow_tv,named,0.1,9322,121,121,3,0.012980047200171638,0.024793388429752067
temflow_tv,named,0.25,9322,1572,46,2,0.1686333404848745,0.001272264631043257
temflow_tv,named,0.5,9322,7853,8,4,0.842415790602875,0.0005093594804533299
temflow_tv,exclude_source_0,0.05,9767,169,166,1,0.017303163714548993,0.005917159763313609
temflow_tv,exclude_source_0,0.1,9767,127,124,3,0.013002969181939182,0.023622047244094488
temflow_tv,exclude_source_0,0.25,9767,1714,49,4,0.17548889116412408,0.002333722287047841
temflow_tv,exclude_source_0,0.5,9767,8326,10,7,0.8524623732978397,0.0008407398510689407
calibrated_box,all,0.05,9859,298,295,10,0.03022618926868851,0.03355704697986577
calibrated_box,all,0.1,9859,269,225,10,0.027284714474084593,0.03717472118959108
calibrated_box,all,0.25,9859,5459,87,19,0.5537072725428542,0.0034804909324052022
calibrated_box,all,0.5,9859,9615,22,15,0.9752510396591947,0.0015600624024961
calibrated_box,positive,0.05,6430,290,290,5,0.04510108864696734,0.017241379310344827
calibrated_box,positive,0.1,6430,236,221,6,0.03670295489891135,0.025423728813559324
calibrated_box,positive,0.25,6430,3278,87,19,0.5097978227060653,0.005796217205613179
calibrated_box,positive,0.5,6430,6198,22,15,0.9639191290824262,0.002420135527589545
calibrated_box,named,0.05,9322,292,292,10,0.03132375026818279,0.03424657534246575
calibrated_box,named,0.1,9322,254,222,10,0.02724737180862476,0.03937007874015748
calibrated_box,named,0.25,9322,5075,84,7,0.5444110705857113,0.001379310344827586
calibrated_box,named,0.5,9322,9078,20,9,0.9738253593649432,0.0009914077990746861
calibrated_box,exclude_source_0,0.05,9767,290,287,6,0.02969181939182963,0.020689655172413793
calibrated_box,exclude_source_0,0.1,9767,261,217,6,0.026722637452646667,0.022988505747126436
calibrated_box,exclude_source_0,0.25,9767,5431,87,15,0.5560561073000921,0.002761922297919352
calibrated_box,exclude_source_0,0.5,9767,9531,22,12,0.9758370021500973,0.0012590494176896443
