source_county,month,movement_class,class_total,anchor_destination,anchor_count,conditional_remainder,total_variation_residual
0,6,direct,24.0,LINCOLNSHIRE,0.0,24.0,0.5993150684931506
0,6,indirect,8.0,LINCOLNSHIRE,0.0,8.0,0.4326923076923077
0,7,direct,65.0,LINCOLNSHIRE,0.0,65.0,0.823709167544784
0,7,indirect,1.0,LINCOLNSHIRE,0.0,1.0,1.0
0,8,direct,137.0,LINCOLNSHIRE,54.0,83.0,0.77727347747153
0,8,indirect,11.0,LINCOLNSHIRE,0.0,11.0,0.5979020979020979
AVON,6,direct,1466.0,WILTSHIRE,365.0,1101.0,0.1376797879446068
AVON,6,indirect,258.0,WILTSHIRE,17.0,241.0,0.23355855028825323
AVON,7,direct,1836.0,WILTSHIRE,683.0,1153.0,0.10938388997208759
AVON,7,indirect,162.0,WILTSHIRE,13.0,149.0,0.1967318999821821
AVON,8,direct,1885.0,WILTSHIRE,812.0,1073.0,0.1447709352511086
AVON,8,indirect,167.0,WILTSHIRE,9.0,158.0,0.2142097009073597
BEDFORDSHIRE,6,direct,346.0,LINCOLNSHIRE,77.0,269.0,0.05669290422418857
BEDFORDSHIRE,6,indirect,4.0,LINCOLNSHIRE,0.0,4.0,0.6071428571428572
BEDFORDSHIRE,7,direct,407.0,LINCOLNSHIRE,62.0,345.0,0.13624549227733548
BEDFORDSHIRE,7,indirect,2.0,LINCOLNSHIRE,0.0,2.0,0.3142857142857143
BEDFORDSHIRE,8,direct,340.0,LINCOLNSHIRE,90.0,250.0,0.1594115805946792
BEDFORDSHIRE,8,indirect,1.0,LINCOLNSHIRE,0.0,1.0,0.8571428571428572
BERKSHIRE,6,direct,597.0,HAMPSHIRE,167.0,430.0,0.2660396909718123
BERKSHIRE,6,indirect,18.0,HAMPSHIRE,4.0,14.0,0.5702479338842975
BERKSHIRE,7,direct,686.0,HAMPSHIRE,191.0,495.0,0.2510690662974927
BERKSHIRE,7,indirect,3.0,HAMPSHIRE,0.0,3.0,0.8677685950413223
BERKSHIRE,8,direct,582.0,HAMPSHIRE,210.0,372.0,0.0883730873496716
BERKSHIRE,8,indirect,14.0,HAMPSHIRE,2.0,12.0,0.5537190082644627
BORDERS,6,direct,3248.0,STRATHCLYDE,1182.0,2066.0,0.07055841395497081
BORDERS,6,indirect,533.0,STRATHCLYDE,130.0,403.0,0.16155039733643248
BORDERS,7,direct,2653.0,STRATHCLYDE,1112.0,1541.0,0.09246680442373377
BORDERS,7,indirect,504.0,STRATHCLYDE,161.0,343.0,0.1030475698416799
BORDERS,8,direct,2740.0,STRATHCLYDE,1042.0,1698.0,0.18011994273158752
BORDERS,8,indirect,546.0,STRATHCLYDE,170.0,376.0,0.2399461352006464
BUCKINGHAMSHIRE,6,direct,1568.0,MID GLAMORGAN,245.0,1323.0,0.1791906082821478
BUCKINGHAMSHIRE,6,indirect,92.0,MID GLAMORGAN,25.0,67.0,0.3464454492911298
BUCKINGHAMSHIRE,7,direct,1980.0,MID GLAMORGAN,292.0,1688.0,0.1835655710465907
BUCKINGHAMSHIRE,7,indirect,131.0,MID GLAMORGAN,29.0,102.0,0.20467640359104922
BUCKINGHAMSHIRE,8,direct,1976.0,MID GLAMORGAN,125.0,1851.0,0.1659041557174553
BUCKINGHAMSHIRE,8,indirect,184.0,MID GLAMORGAN,40.0,144.0,0.4513256137686662
CAMBRIDGESHIRE,6,direct,1181.0,LINCOLNSHIRE,631.0,550.0,0.1204567934538261
CAMBRIDGESHIRE,6,indirect,162.0,LINCOLNSHIRE,41.0,121.0,0.30774289002137106
CAMBRIDGESHIRE,7,direct,1018.0,LINCOLNSHIRE,522.0,496.0,0.3247403560830861
CAMBRIDGESHIRE,7,indirect,108.0,LINCOLNSHIRE,21.0,87.0,0.4616823595435555
CAMBRIDGESHIRE,8,direct,1190.0,LINCOLNSHIRE,667.0,523.0,0.4035277341216031
CAMBRIDGESHIRE,8,indirect,158.0,LINCOLNSHIRE,36.0,122.0,0.44450538048794946
CENTRAL,6,direct,1838.0,STRATHCLYDE,473.0,1365.0,0.09217345209016212
CENTRAL,6,indirect,215.0,STRATHCLYDE,105.0,110.0,0.13297682709447414
CENTRAL,7,direct,1699.0,STRATHCLYDE,539.0,1160.0,0.08535470031772245
CENTRAL,7,indirect,201.0,STRATHCLYDE,110.0,91.0,0.1579400991165697
CENTRAL,8,direct,1923.0,STRATHCLYDE,716.0,1207.0,0.07149054311990283
CENTRAL,8,indirect,249.0,STRATHCLYDE,158.0,91.0,0.26783020900667953
CHESHIRE,6,direct,3329.0,LANCASHIRE,755.0,2574.0,0.09112892942214607
CHESHIRE,6,indirect,1122.0,LANCASHIRE,44.0,1078.0,0.09173839502508555
CHESHIRE,7,direct,3789.0,LANCASHIRE,905.0,2884.0,0.12123939418770628
CHESHIRE,7,indirect,1241.0,LANCASHIRE,57.0,1184.0,0.14961148944634137
CHESHIRE,8,direct,3595.0,LANCASHIRE,843.0,2752.0,0.11320559386290774
CHESHIRE,8,indirect,1171.0,LANCASHIRE,21.0,1150.0,0.1991592323690967
CLEVELAND,6,direct,162.0,NORTH YORKSHIRE,71.0,91.0,0.3014811275680841
CLEVELAND,6,indirect,365.0,NORTH YORKSHIRE,29.0,336.0,0.12879068854175757
CLEVELAND,7,direct,238.0,NORTH YORKSHIRE,73.0,165.0,0.49843977532764716
CLEVELAND,7,indirect,444.0,NORTH YORKSHIRE,4.0,440.0,0.11748070194924196
CLEVELAND,8,direct,181.0,NORTH YORKSHIRE,41.0,140.0,0.3749101013403073
CLEVELAND,8,indirect,491.0,NORTH YORKSHIRE,21.0,470.0,0.1852376558052483
CLWYD,6,direct,2472.0,SHROPSHIRE,554.0,1918.0,0.07974452846309468
CLWYD,6,indirect,906.0,SHROPSHIRE,101.0,805.0,0.12645163035962312
CLWYD,7,direct,2659.0,SHROPSHIRE,744.0,1915.0,0.11516021916812945
CLWYD,7,indirect,850.0,SHROPSHIRE,128.0,722.0,0.14066216516989216
CLWYD,8,direct,2537.0,SHROPSHIRE,714.0,1823.0,0.1526733152783196
CLWYD,8,indirect,896.0,SHROPSHIRE,131.0,765.0,0.19166429398477688
CORNWALL,6,direct,6231.0,DEVON,367.0,5864.0,0.02262028795679169
CORNWALL,6,indirect,650.0,DEVON,203.0,447.0,0.06423250476882718
CORNWALL,7,direct,6628.0,DEVON,312.0,6316.0,0.016949674766460785
CORNWALL,7,indirect,631.0,DEVON,183.0,448.0,0.1246294078379015
CORNWALL,8,direct,6215.0,DEVON,373.0,5842.0,0.0256663012107668
CORNWALL,8,indirect,695.0,DEVON,212.0,483.0,0.09337940783790152
CUMBRIA,6,direct,6601.0,LANCASHIRE,2641.0,3960.0,0.05968475085850553
CUMBRIA,6,indirect,2184.0,LANCASHIRE,455.0,1729.0,0.10316657027183343
CUMBRIA,7,direct,5891.0,LANCASHIRE,2145.0,3746.0,0.06633140775355748
CUMBRIA,7,indirect,1848.0,LANCASHIRE,388.0,1460.0,0.08600743164549941
CUMBRIA,8,direct,6609.0,LANCASHIRE,2409.0,4200.0,0.07487323898933194
CUMBRIA,8,indirect,2082.0,LANCASHIRE,436.0,1646.0,0.1271334384423532
DERBYSHIRE,6,direct,3085.0,STAFFORDSHIRE,481.0,2604.0,0.09219305504532484
DERBYSHIRE,6,indirect,896.0,STAFFORDSHIRE,223.0,673.0,0.1715680767702925
DERBYSHIRE,7,direct,3171.0,STAFFORDSHIRE,582.0,2589.0,0.14927794607567269
DERBYSHIRE,7,indirect,1002.0,STAFFORDSHIRE,311.0,691.0,0.2588474687920519
DERBYSHIRE,8,direct,3031.0,STAFFORDSHIRE,581.0,2450.0,0.08352868467734123
DERBYSHIRE,8,indirect,889.0,STAFFORDSHIRE,273.0,616.0,0.1634384711157899
DEVON,6,direct,11273.0,CORNWALL,4223.0,7050.0,0.08105609528195179
DEVON,6,indirect,1516.0,CORNWALL,196.0,1320.0,0.08559080740288792
DEVON,7,direct,11198.0,CORNWALL,4132.0,7066.0,0.07028870826601906
DEVON,7,indirect,1250.0,CORNWALL,191.0,1059.0,0.11765880183280415
DEVON,8,direct,10678.0,CORNWALL,3664.0,7014.0,0.0837887458655169
DEVON,8,indirect,1252.0,CORNWALL,170.0,1082.0,0.08430944435484873
DORSET,6,direct,1622.0,SOMERSET,623.0,999.0,0.20809654275789735
DORSET,6,indirect,202.0,SOMERSET,23.0,179.0,0.19809208801403708
DORSET,7,direct,1580.0,SOMERSET,411.0,1169.0,0.2064486091372558
DORSET,7,indirect,197.0,SOMERSET,32.0,165.0,0.1333552127775954
DORSET,8,direct,1606.0,SOMERSET,577.0,1029.0,0.16582648995853325
DORSET,8,indirect,162.0,SOMERSET,26.0,136.0,0.1408296170453741
DUMFRIES & GALLOWAY,6,direct,6335.0,STRATHCLYDE,2811.0,3524.0,0.04429993011047008
DUMFRIES & GALLOWAY,6,indirect,627.0,STRATHCLYDE,183.0,444.0,0.21479374110953056
DUMFRIES & GALLOWAY,7,direct,6896.0,STRATHCLYDE,2665.0,4231.0,0.05758071814001111
DUMFRIES & GALLOWAY,7,indirect,545.0,STRATHCLYDE,204.0,341.0,0.12358708453784854
DUMFRIES & GALLOWAY,8,direct,7340.0,STRATHCLYDE,2892.0,4448.0,0.05276102000174615
DUMFRIES & GALLOWAY,8,indirect,713.0,STRATHCLYDE,261.0,452.0,0.14994733904841032
DURHAM,6,direct,3878.0,LANCASHIRE,846.0,3032.0,0.12077838897810668
DURHAM,6,indirect,1199.0,LANCASHIRE,96.0,1103.0,0.12960023585709515
DURHAM,7,direct,3805.0,LANCASHIRE,612.0,3193.0,0.13470527775803307
DURHAM,7,indirect,1136.0,LANCASHIRE,45.0,1091.0,0.14710326457757594
DURHAM,8,direct,3377.0,LANCASHIRE,462.0,2915.0,0.1387526065974864
DURHAM,8,indirect,952.0,LANCASHIRE,27.0,925.0,0.20246799431009957
DYFED,6,direct,6674.0,MID GLAMORGAN,751.0,5923.0,0.09717914981184632
DYFED,6,indirect,1637.0,MID GLAMORGAN,68.0,1569.0,0.12491137989558941
DYFED,7,direct,6790.0,MID GLAMORGAN,883.0,5907.0,0.07595059218617033
DYFED,7,indirect,1749.0,MID GLAMORGAN,137.0,1612.0,0.09057071960297768
DYFED,8,direct,7478.0,MID GLAMORGAN,1047.0,6431.0,0.11220765078298975
DYFED,8,indirect,1918.0,MID GLAMORGAN,103.0,1815.0,0.1537785928746092
EAST SUSSEX,6,direct,631.0,MID GLAMORGAN,129.0,502.0,0.14539768387589536
EAST SUSSEX,6,indirect,62.0,MID GLAMORGAN,0.0,62.0,0.17565070482023123
EAST SUSSEX,7,direct,743.0,MID GLAMORGAN,184.0,559.0,0.1982884870280942
EAST SUSSEX,7,indirect,67.0,MID GLAMORGAN,0.0,67.0,0.23274788089014828
EAST SUSSEX,8,direct,897.0,MID GLAMORGAN,151.0,746.0,0.215798594229674
EAST SUSSEX,8,indirect,98.0,MID GLAMORGAN,0.0,98.0,0.28713383880557136
ESSEX,6,direct,1156.0,NORFOLK,123.0,1033.0,0.1405395342034965
ESSEX,6,indirect,236.0,NORFOLK,38.0,198.0,0.07239057239057238
ESSEX,7,direct,896.0,NORFOLK,94.0,802.0,0.1149183693685257
ESSEX,7,indirect,181.0,NORFOLK,26.0,155.0,0.16696075728333795
ESSEX,8,direct,1118.0,NORFOLK,187.0,931.0,0.1167970004082425
ESSEX,8,indirect,215.0,NORFOLK,38.0,177.0,0.1431503211164228
FIFE,6,direct,1529.0,CENTRAL,665.0,864.0,0.1510991429913125
FIFE,6,indirect,278.0,CENTRAL,54.0,224.0,0.17337291515591005
FIFE,7,direct,1321.0,CENTRAL,568.0,753.0,0.10361153803818926
FIFE,7,indirect,227.0,CENTRAL,20.0,207.0,0.1115427058044582
FIFE,8,direct,1232.0,CENTRAL,541.0,691.0,0.16607208570664525
FIFE,8,indirect,228.0,CENTRAL,21.0,207.0,0.09589249368547535
GLOUCESTERSHIRE,6,direct,3426.0,MID GLAMORGAN,821.0,2605.0,0.14779882130651592
GLOUCESTERSHIRE,6,indirect,267.0,MID GLAMORGAN,0.0,267.0,0.2127371586338432
GLOUCESTERSHIRE,7,direct,3088.0,MID GLAMORGAN,724.0,2364.0,0.17100603270374032
GLOUCESTERSHIRE,7,indirect,249.0,MID GLAMORGAN,0.0,249.0,0.15972720450590866
GLOUCESTERSHIRE,8,direct,2708.0,MID GLAMORGAN,508.0,2200.0,0.16418665557455595
GLOUCESTERSHIRE,8,indirect,264.0,MID GLAMORGAN,0.0,264.0,0.2895666106651733
GRAMPIAN,6,direct,12789.0,TAYSIDE,1117.0,11672.0,0.012785904226511748
GRAMPIAN,6,indirect,293.0,TAYSIDE,35.0,258.0,0.2631472868217054
GRAMPIAN,7,direct,12314.0,TAYSIDE,1057.0,11257.0,0.015071624389919757
GRAMPIAN,7,indirect,357.0,TAYSIDE,50.0,307.0,0.2928925081433225
GRAMPIAN,8,direct,12232.0,TAYSIDE,1045.0,11187.0,0.03526887843998562
GRAMPIAN,8,indirect,314.0,TAYSIDE,55.0,259.0,0.1978095238095238
GREATER LONDON,6,direct,23.0,BEDFORDSHIRE,0.0,23.0,0.4057971014492754
GREATER LONDON,6,indirect,4.0,BEDFORDSHIRE,1.0,3.0,0.9285714285714286
GREATER LONDON,7,direct,7.0,BEDFORDSHIRE,0.0,7.0,0.3333333333333333
GREATER LONDON,7,indirect,4.0,BEDFORDSHIRE,0.0,4.0,0.7857142857142857
GREATER LONDON,8,direct,30.0,BEDFORDSHIRE,11.0,19.0,0.4967105263157895
GREATER LONDON,8,indirect,2.0,BEDFORDSHIRE,0.0,2.0,0.9285714285714286
GREATER MANCHESTER,6,direct,710.0,LANCASHIRE,206.0,504.0,0.07173139158576051
GREATER MANCHESTER,6,indirect,93.0,LANCASHIRE,10.0,83.0,0.21357699706388578
GREATER MANCHESTER,7,direct,671.0,LANCASHIRE,124.0,547.0,0.07931346621465715
GREATER MANCHESTER,7,indirect,144.0,LANCASHIRE,9.0,135.0,0.23820417055711177
GREATER MANCHESTER,8,direct,685.0,LANCASHIRE,152.0,533.0,0.03491575438532579
GREATER MANCHESTER,8,indirect,114.0,LANCASHIRE,9.0,105.0,0.19341736694677872
GWENT,6,direct,997.0,MID GLAMORGAN,460.0,537.0,0.24001509059842557
GWENT,6,indirect,238.0,MID GLAMORGAN,0.0,238.0,0.2284791137779829
GWENT,7,direct,902.0,MID GLAMORGAN,396.0,506.0,0.1492789315803604
GWENT,7,indirect,151.0,MID GLAMORGAN,0.0,151.0,0.27967561437481947
GWENT,8,direct,940.0,MID GLAMORGAN,380.0,560.0,0.22951301250771217
GWENT,8,indirect,127.0,MID GLAMORGAN,0.0,127.0,0.3758411458664597
GWYNEDD,6,direct,1232.0,LANCASHIRE,463.0,769.0,0.27124153479810176
GWYNEDD,6,indirect,227.0,LANCASHIRE,18.0,209.0,0.18931702814951548
GWYNEDD,7,direct,1321.0,LANCASHIRE,669.0,652.0,0.23373834754202852
GWYNEDD,7,indirect,172.0,LANCASHIRE,13.0,159.0,0.3020464195638987
GWYNEDD,8,direct,2415.0,LANCASHIRE,1104.0,1311.0,0.27074702566693415
GWYNEDD,8,indirect,392.0,LANCASHIRE,29.0,363.0,0.38218246143949886
HAMPSHIRE,6,direct,1496.0,SOMERSET,224.0,1272.0,0.1645348953372983
HAMPSHIRE,6,indirect,88.0,SOMERSET,12.0,76.0,0.18984333744059145
HAMPSHIRE,7,direct,1305.0,SOMERSET,163.0,1142.0,0.18025052499222635
HAMPSHIRE,7,indirect,66.0,SOMERSET,12.0,54.0,0.13712374581939799
HAMPSHIRE,8,direct,1156.0,SOMERSET,156.0,1000.0,0.07506494881750794
HAMPSHIRE,8,indirect,75.0,SOMERSET,17.0,58.0,0.2845115903586668
HEREFORD & WORCESTER,6,direct,5523.0,SHROPSHIRE,1509.0,4014.0,0.130619065289512
HEREFORD & WORCESTER,6,indirect,1578.0,SHROPSHIRE,89.0,1489.0,0.1323516471006573
HEREFORD & WORCESTER,7,direct,5758.0,SHROPSHIRE,1555.0,4203.0,0.11288456106508825
HEREFORD & WORCESTER,7,indirect,1382.0,SHROPSHIRE,128.0,1254.0,0.18744848438236805
HEREFORD & WORCESTER,8,direct,4282.0,SHROPSHIRE,1157.0,3125.0,0.1271487064532902
HEREFORD & WORCESTER,8,indirect,1549.0,SHROPSHIRE,77.0,1472.0,0.1814567935223815
HERTFORDSHIRE,6,direct,195.0,LINCOLNSHIRE,27.0,168.0,0.29542766151046407
HERTFORDSHIRE,6,indirect,33.0,LINCOLNSHIRE,0.0,33.0,0.3865598995132674
HERTFORDSHIRE,7,direct,142.0,LINCOLNSHIRE,0.0,142.0,0.31569032026554233
HERTFORDSHIRE,7,indirect,33.0,LINCOLNSHIRE,3.0,30.0,0.3625215889464594
HERTFORDSHIRE,8,direct,132.0,LINCOLNSHIRE,0.0,132.0,0.26894421926269063
HERTFORDSHIRE,8,indirect,40.0,LINCOLNSHIRE,0.0,40.0,0.5382124352331606
HIGHLAND,6,direct,1385.0,GRAMPIAN,454.0,931.0,0.05299778657352921
HIGHLAND,6,indirect,305.0,GRAMPIAN,96.0,209.0,0.06223501166374366
HIGHLAND,7,direct,1051.0,GRAMPIAN,264.0,787.0,0.04878201883846896
HIGHLAND,7,indirect,265.0,GRAMPIAN,96.0,169.0,0.0698319610857251
HIGHLAND,8,direct,1225.0,GRAMPIAN,287.0,938.0,0.10349606483690166
HIGHLAND,8,indirect,314.0,GRAMPIAN,70.0,244.0,0.025873636310600325
HUMBERSIDE,6,direct,1264.0,WEST YORKSHIRE,117.0,1147.0,0.08450484531545592
HUMBERSIDE,6,indirect,1269.0,WEST YORKSHIRE,307.0,962.0,0.10794673338699347
HUMBERSIDE,7,direct,922.0,WEST YORKSHIRE,71.0,851.0,0.13939156086653515
HUMBERSIDE,7,indirect,920.0,WEST YORKSHIRE,289.0,631.0,0.17731656348311156
HUMBERSIDE,8,direct,961.0,WEST YORKSHIRE,110.0,851.0,0.1144905675414176
HUMBERSIDE,8,indirect,915.0,WEST YORKSHIRE,320.0,595.0,0.1826086164620278
ISLE OF WIGHT,6,direct,147.0,SOMERSET,48.0,99.0,0.37259615384615385
ISLE OF WIGHT,6,indirect,16.0,SOMERSET,0.0,16.0,0.4375
ISLE OF WIGHT,7,direct,149.0,SOMERSET,75.0,74.0,0.029950623700623676
ISLE OF WIGHT,7,indirect,19.0,SOMERSET,4.0,15.0,0.33125
ISLE OF WIGHT,8,direct,169.0,SOMERSET,74.0,95.0,0.22522773279352226
ISLE OF WIGHT,8,indirect,18.0,SOMERSET,6.0,12.0,0.3854166666666667
KENT,6,direct,895.0,HAMPSHIRE,213.0,682.0,0.2212197266083735
KENT,6,indirect,284.0,HAMPSHIRE,93.0,191.0,0.28326988554658383
KENT,7,direct,793.0,HAMPSHIRE,179.0,614.0,0.18620239620694307
KENT,7,indirect,174.0,HAMPSHIRE,57.0,117.0,0.37615924798441036
KENT,8,direct,932.0,HAMPSHIRE,180.0,752.0,0.26190418228735574
KENT,8,indirect,326.0,HAMPSHIRE,68.0,258.0,0.3448467698732125
LANCASHIRE,6,direct,3791.0,GREATER MANCHESTER,540.0,3251.0,0.05535401260977529
LANCASHIRE,6,indirect,961.0,GREATER MANCHESTER,264.0,697.0,0.16179253261863172
LANCASHIRE,7,direct,3824.0,GREATER MANCHESTER,495.0,3329.0,0.05161306008066384
LANCASHIRE,7,indirect,889.0,GREATER MANCHESTER,250.0,639.0,0.08589847644886489
LANCASHIRE,8,direct,3970.0,GREATER MANCHESTER,515.0,3455.0,0.09178057822622462
LANCASHIRE,8,indirect,930.0,GREATER MANCHESTER,275.0,655.0,0.24198566545580022
LEICESTERSHIRE,6,direct,2721.0,LINCOLNSHIRE,1023.0,1698.0,0.07411080657694699
LEICESTERSHIRE,6,indirect,685.0,LINCOLNSHIRE,166.0,519.0,0.151172622067254
LEICESTERSHIRE,7,direct,2717.0,LINCOLNSHIRE,1097.0,1620.0,0.1242875772867204
LEICESTERSHIRE,7,indirect,508.0,LINCOLNSHIRE,74.0,434.0,0.2177718409824953
LEICESTERSHIRE,8,direct,2823.0,LINCOLNSHIRE,1144.0,1679.0,0.14992432953378002
LEICESTERSHIRE,8,indirect,681.0,LINCOLNSHIRE,155.0,526.0,0.2585010833446916
LINCOLNSHIRE,6,direct,2882.0,SOUTH YORKSHIRE,398.0,2484.0,0.09244477525109936
LINCOLNSHIRE,6,indirect,949.0,SOUTH YORKSHIRE,136.0,813.0,0.2179882546995706
LINCOLNSHIRE,7,direct,2711.0,SOUTH YORKSHIRE,303.0,2408.0,0.08851463899032606
LINCOLNSHIRE,7,indirect,779.0,SOUTH YORKSHIRE,119.0,660.0,0.26668186336118027
LINCOLNSHIRE,8,direct,2317.0,SOUTH YORKSHIRE,319.0,1998.0,0.06451463269645087
LINCOLNSHIRE,8,indirect,655.0,SOUTH YORKSHIRE,69.0,586.0,0.24504545845642012
LOTHIAN,6,direct,1455.0,STRATHCLYDE,654.0,801.0,0.05377008626242186
LOTHIAN,6,indirect,294.0,STRATHCLYDE,104.0,190.0,0.20233253588516747
LOTHIAN,7,direct,1035.0,STRATHCLYDE,497.0,538.0,0.09964696105244801
LOTHIAN,7,indirect,310.0,STRATHCLYDE,137.0,173.0,0.18354243300052547
LOTHIAN,8,direct,1109.0,STRATHCLYDE,576.0,533.0,0.11063830333876506
LOTHIAN,8,indirect,255.0,STRATHCLYDE,112.0,143.0,0.24781468531468534
MERSEYSIDE,6,direct,210.0,SHROPSHIRE,72.0,138.0,0.20090458126641378
MERSEYSIDE,6,indirect,38.0,SHROPSHIRE,1.0,37.0,0.38230538230538236
MERSEYSIDE,7,direct,259.0,SHROPSHIRE,72.0,187.0,0.07204895380971178
MERSEYSIDE,7,indirect,50.0,SHROPSHIRE,1.0,49.0,0.24280481423338565
MERSEYSIDE,8,direct,171.0,SHROPSHIRE,54.0,117.0,0.060115872196409105
MERSEYSIDE,8,indirect,46.0,SHROPSHIRE,10.0,36.0,0.44017094017094016
MID GLAMORGAN,6,direct,201.0,SOMERSET,65.0,136.0,0.23101528747092062
MID GLAMORGAN,6,indirect,44.0,SOMERSET,4.0,40.0,0.2388888888888889
MID GLAMORGAN,7,direct,208.0,SOMERSET,70.0,138.0,0.23409481699828052
MID GLAMORGAN,7,indirect,32.0,SOMERSET,5.0,27.0,0.3648148148148148
MID GLAMORGAN,8,direct,226.0,SOMERSET,77.0,149.0,0.36603723505099917
MID GLAMORGAN,8,indirect,41.0,SOMERSET,8.0,33.0,0.27979797979797977
NORFOLK,6,direct,2621.0,LINCOLNSHIRE,806.0,1815.0,0.06109219310870732
NORFOLK,6,indirect,300.0,LINCOLNSHIRE,36.0,264.0,0.3645246148064637
NORFOLK,7,direct,2360.0,LINCOLNSHIRE,609.0,1751.0,0.17105917486516686
NORFOLK,7,indirect,258.0,LINCOLNSHIRE,21.0,237.0,0.38110256446848284
NORFOLK,8,direct,2053.0,LINCOLNSHIRE,480.0,1573.0,0.17807215046752
NORFOLK,8,indirect,153.0,LINCOLNSHIRE,15.0,138.0,0.35439439243174353
NORTH YORKSHIRE,6,direct,16526.0,LANCASHIRE,3378.0,13148.0,0.05563829748393353
NORTH YORKSHIRE,6,indirect,4902.0,LANCASHIRE,194.0,4708.0,0.07401335816048446
NORTH YORKSHIRE,7,direct,15899.0,LANCASHIRE,3739.0,12160.0,0.046785840199218436
NORTH YORKSHIRE,7,indirect,4551.0,LANCASHIRE,128.0,4423.0,0.07893797528163209
NORTH YORKSHIRE,8,direct,15170.0,LANCASHIRE,3536.0,11634.0,0.0649461464126024
NORTH YORKSHIRE,8,indirect,4582.0,LANCASHIRE,69.0,4513.0,0.07620684843475026
NORTHAMPTONSHIRE,6,direct,1966.0,LINCOLNSHIRE,976.0,990.0,0.10637773079633545
NORTHAMPTONSHIRE,6,indirect,334.0,LINCOLNSHIRE,74.0,260.0,0.211599815936805
NORTHAMPTONSHIRE,7,direct,2808.0,LINCOLNSHIRE,1094.0,1714.0,0.220863214106274
NORTHAMPTONSHIRE,7,indirect,346.0,LINCOLNSHIRE,50.0,296.0,0.2819143919592574
NORTHAMPTONSHIRE,8,direct,2683.0,LINCOLNSHIRE,1224.0,1459.0,0.27828921215598934
NORTHAMPTONSHIRE,8,indirect,247.0,LINCOLNSHIRE,37.0,210.0,0.26973840383611075
NORTHUMBERLAND,6,direct,2997.0,CENTRAL,901.0,2096.0,0.15611284926671123
NORTHUMBERLAND,6,indirect,409.0,CENTRAL,18.0,391.0,0.1443228592944614
NORTHUMBERLAND,7,direct,2209.0,CENTRAL,888.0,1321.0,0.15607131632681082
NORTHUMBERLAND,7,indirect,412.0,CENTRAL,12.0,400.0,0.11961152589827347
NORTHUMBERLAND,8,direct,2984.0,CENTRAL,1006.0,1978.0,0.13624947711747507
NORTHUMBERLAND,8,indirect,418.0,CENTRAL,1.0,417.0,0.15024657828566826
NOTTINGHAMSHIRE,6,direct,3973.0,LINCOLNSHIRE,1219.0,2754.0,0.19633227829123417
NOTTINGHAMSHIRE,6,indirect,542.0,LINCOLNSHIRE,101.0,441.0,0.20180615341236244
NOTTINGHAMSHIRE,7,direct,3566.0,LINCOLNSHIRE,974.0,2592.0,0.26231364699527226
NOTTINGHAMSHIRE,7,indirect,433.0,LINCOLNSHIRE,75.0,358.0,0.29497271626539073
NOTTINGHAMSHIRE,8,direct,2981.0,LINCOLNSHIRE,932.0,2049.0,0.22239385919184235
NOTTINGHAMSHIRE,8,indirect,430.0,LINCOLNSHIRE,101.0,329.0,0.2848365179642146
ORKNEY,6,direct,491.0,CENTRAL,146.0,345.0,0.137949628914222
ORKNEY,6,indirect,64.0,CENTRAL,13.0,51.0,0.3241499131298089
ORKNEY,7,direct,358.0,CENTRAL,49.0,309.0,0.12617893192330062
ORKNEY,7,indirect,66.0,CENTRAL,5.0,61.0,0.15278065988794357
ORKNEY,8,direct,602.0,CENTRAL,127.0,475.0,0.16566525397189918
ORKNEY,8,indirect,97.0,CENTRAL,12.0,85.0,0.1206999255398362
OXFORDSHIRE,6,direct,1489.0,LINCOLNSHIRE,342.0,1147.0,0.1403119905033519
OXFORDSHIRE,6,indirect,93.0,LINCOLNSHIRE,1.0,92.0,0.38906727023897253
OXFORDSHIRE,7,direct,1515.0,LINCOLNSHIRE,363.0,1152.0,0.25249949556093626
OXFORDSHIRE,7,indirect,79.0,LINCOLNSHIRE,0.0,79.0,0.3751800655898489
OXFORDSHIRE,8,direct,1308.0,LINCOLNSHIRE,415.0,893.0,0.19661685768695086
OXFORDSHIRE,8,indirect,151.0,LINCOLNSHIRE,0.0,151.0,0.4995911036993089
POWYS,6,direct,2382.0,SHROPSHIRE,777.0,1605.0,0.15415930815214393
POWYS,6,indirect,537.0,SHROPSHIRE,45.0,492.0,0.18820342562856235
POWYS,7,direct,2165.0,SHROPSHIRE,702.0,1463.0,0.14938315135493963
POWYS,7,indirect,418.0,SHROPSHIRE,41.0,377.0,0.1896056146577683
POWYS,8,direct,2434.0,SHROPSHIRE,853.0,1581.0,0.2022556349861689
POWYS,8,indirect,517.0,SHROPSHIRE,20.0,497.0,0.17939666468562263
SHETLAND,6,direct,5.0,CUMBRIA,0.0,5.0,0.08108108108108106
SHETLAND,6,indirect,3.0,CUMBRIA,2.0,1.0,0.6153846153846154
SHETLAND,7,direct,13.0,CUMBRIA,0.0,13.0,0.08108108108108106
SHETLAND,7,indirect,2.0,CUMBRIA,0.0,2.0,0.6153846153846154
SHETLAND,8,direct,8.0,CUMBRIA,0.0,8.0,0.08108108108108106
SHETLAND,8,indirect,6.0,CUMBRIA,5.0,1.0,0.6153846153846154
SHROPSHIRE,6,direct,9722.0,STAFFORDSHIRE,1438.0,8284.0,0.05519753261539399
SHROPSHIRE,6,indirect,2674.0,STAFFORDSHIRE,789.0,1885.0,0.12646889136449713
SHROPSHIRE,7,direct,8107.0,STAFFORDSHIRE,1086.0,7021.0,0.14103365370368015
SHROPSHIRE,7,indirect,2065.0,STAFFORDSHIRE,614.0,1451.0,0.18212246694885081
SHROPSHIRE,8,direct,9425.0,STAFFORDSHIRE,1296.0,8129.0,0.10066705358789813
SHROPSHIRE,8,indirect,2294.0,STAFFORDSHIRE,559.0,1735.0,0.16881885791622508
SOMERSET,6,direct,4830.0,AVON,542.0,4288.0,0.07334036409420873
SOMERSET,6,indirect,697.0,AVON,102.0,595.0,0.15298913544721743
SOMERSET,7,direct,4219.0,AVON,476.0,3743.0,0.10852947098599162
SOMERSET,7,indirect,537.0,AVON,42.0,495.0,0.1447722759105638
SOMERSET,8,direct,4620.0,AVON,523.0,4097.0,0.14672527047182382
SOMERSET,8,indirect,644.0,AVON,99.0,545.0,0.1921714839715651
SOUTH GLAMORGAN,6,direct,429.0,MID GLAMORGAN,188.0,241.0,0.4119568846282253
SOUTH GLAMORGAN,6,indirect,24.0,MID GLAMORGAN,0.0,24.0,0.38583815028901736
SOUTH GLAMORGAN,7,direct,359.0,MID GLAMORGAN,158.0,201.0,0.34307771487390637
SOUTH GLAMORGAN,7,indirect,21.0,MID GLAMORGAN,0.0,21.0,0.48609964216900636
SOUTH GLAMORGAN,8,direct,235.0,MID GLAMORGAN,134.0,101.0,0.3558438602480938
SOUTH GLAMORGAN,8,indirect,25.0,MID GLAMORGAN,0.0,25.0,0.36647398843930634
SOUTH YORKSHIRE,6,direct,922.0,WEST YORKSHIRE,128.0,794.0,0.0767456258640138
SOUTH YORKSHIRE,6,indirect,355.0,WEST YORKSHIRE,91.0,264.0,0.21605795950774118
SOUTH YORKSHIRE,7,direct,1032.0,WEST YORKSHIRE,83.0,949.0,0.11049022007926117
SOUTH YORKSHIRE,7,indirect,280.0,WEST YORKSHIRE,81.0,199.0,0.19804261482082902
SOUTH YORKSHIRE,8,direct,1107.0,WEST YORKSHIRE,134.0,973.0,0.20611682482186078
SOUTH YORKSHIRE,8,indirect,271.0,WEST YORKSHIRE,98.0,173.0,0.24206779917712096
STAFFORDSHIRE,6,direct,3378.0,SHROPSHIRE,1050.0,2328.0,0.1044626531927372
STAFFORDSHIRE,6,indirect,1076.0,SHROPSHIRE,67.0,1009.0,0.1515119628837584
STAFFORDSHIRE,7,direct,3998.0,SHROPSHIRE,1018.0,2980.0,0.09433847948440079
STAFFORDSHIRE,7,indirect,1032.0,SHROPSHIRE,82.0,950.0,0.17800106537429106
STAFFORDSHIRE,8,direct,4111.0,SHROPSHIRE,817.0,3294.0,0.07922229336595617
STAFFORDSHIRE,8,indirect,1210.0,SHROPSHIRE,77.0,1133.0,0.15721065013284727
STRATHCLYDE,6,direct,5024.0,CENTRAL,890.0,4134.0,0.03419591388251445
STRATHCLYDE,6,indirect,754.0,CENTRAL,22.0,732.0,0.10983640498252042
STRATHCLYDE,7,direct,4729.0,CENTRAL,876.0,3853.0,0.046995071291261396
STRATHCLYDE,7,indirect,685.0,CENTRAL,22.0,663.0,0.17909633418584828
STRATHCLYDE,8,direct,5682.0,CENTRAL,924.0,4758.0,0.008227723004049774
STRATHCLYDE,8,indirect,1121.0,CENTRAL,26.0,1095.0,0.07974134263592277
SUFFOLK,6,direct,1273.0,LINCOLNSHIRE,527.0,746.0,0.07269883824843607
SUFFOLK,6,indirect,293.0,LINCOLNSHIRE,3.0,290.0,0.05987771190912193
SUFFOLK,7,direct,958.0,LINCOLNSHIRE,369.0,589.0,0.10678088182332665
SUFFOLK,7,indirect,166.0,LINCOLNSHIRE,1.0,165.0,0.13915391539153912
SUFFOLK,8,direct,1125.0,LINCOLNSHIRE,432.0,693.0,0.45320346320346316
SUFFOLK,8,indirect,222.0,LINCOLNSHIRE,1.0,221.0,0.14855150673438383
SURREY,6,direct,501.0,HAMPSHIRE,53.0,448.0,0.08087507836376459
SURREY,6,indirect,48.0,HAMPSHIRE,12.0,36.0,0.3904494382022472
SURREY,7,direct,459.0,HAMPSHIRE,101.0,358.0,0.08864999371776527
SURREY,7,indirect,46.0,HAMPSHIRE,12.0,34.0,0.6728354263053536
SURREY,8,direct,240.0,HAMPSHIRE,27.0,213.0,0.07105091694802204
SURREY,8,indirect,50.0,HAMPSHIRE,16.0,34.0,0.5128883013879709
TAYSIDE,6,direct,4425.0,CENTRAL,1573.0,2852.0,0.037333344906160526
TAYSIDE,6,indirect,267.0,CENTRAL,33.0,234.0,0.0827749342696305
TAYSIDE,7,direct,3537.0,CENTRAL,1081.0,2456.0,0.03207437429520386
TAYSIDE,7,indirect,211.0,CENTRAL,27.0,184.0,0.08051025114250972
TAYSIDE,8,direct,3080.0,CENTRAL,788.0,2292.0,0.0843890622230439
TAYSIDE,8,indirect,255.0,CENTRAL,19.0,236.0,0.18744585914387984
TYNE & WEAR,6,direct,193.0,CENTRAL,100.0,93.0,0.1767313866381287
TYNE & WEAR,6,indirect,23.0,CENTRAL,0.0,23.0,0.41495041952707856
TYNE & WEAR,7,direct,167.0,CENTRAL,78.0,89.0,0.20666702167314552
TYNE & WEAR,7,indirect,11.0,CENTRAL,0.0,11.0,0.5225943646996278
TYNE & WEAR,8,direct,233.0,CENTRAL,136.0,97.0,0.19677203954332992
TYNE & WEAR,8,indirect,29.0,CENTRAL,0.0,29.0,0.4785238959467634
WARWICKSHIRE,6,direct,1569.0,LINCOLNSHIRE,412.0,1157.0,0.13063958513396715
WARWICKSHIRE,6,indirect,271.0,LINCOLNSHIRE,38.0,233.0,0.2766891477621091
WARWICKSHIRE,7,direct,1388.0,LINCOLNSHIRE,371.0,1017.0,0.24972338379418024
WARWICKSHIRE,7,indirect,323.0,LINCOLNSHIRE,32.0,291.0,0.34245949926362296
WARWICKSHIRE,8,direct,1431.0,LINCOLNSHIRE,406.0,1025.0,0.15540069686411148
WARWICKSHIRE,8,indirect,273.0,LINCOLNSHIRE,44.0,229.0,0.25219900187149097
WEST GLAMORGAN,6,direct,192.0,MID GLAMORGAN,47.0,145.0,0.38638838475499093
WEST GLAMORGAN,6,indirect,26.0,MID GLAMORGAN,0.0,26.0,0.29452762003097577
WEST GLAMORGAN,7,direct,138.0,MID GLAMORGAN,49.0,89.0,0.41859476641040805
WEST GLAMORGAN,7,indirect,24.0,MID GLAMORGAN,0.0,24.0,0.3526286353467562
WEST GLAMORGAN,8,direct,139.0,MID GLAMORGAN,58.0,81.0,0.36241065627030533
WEST GLAMORGAN,8,indirect,38.0,MID GLAMORGAN,0.0,38.0,0.427057576827976
WEST MIDLANDS,6,direct,27.0,MID GLAMORGAN,5.0,22.0,0.5987012987012987
WEST MIDLANDS,6,indirect,29.0,MID GLAMORGAN,0.0,29.0,0.45836265540699034
WEST MIDLANDS,7,direct,22.0,MID GLAMORGAN,10.0,12.0,0.37857142857142856
WEST MIDLANDS,7,indirect,38.0,MID GLAMORGAN,0.0,38.0,0.3677049767275331
WEST MIDLANDS,8,direct,31.0,MID GLAMORGAN,10.0,21.0,0.24047619047619045
WEST MIDLANDS,8,indirect,30.0,MID GLAMORGAN,0.0,30.0,0.3884353741496599
WEST SUSSEX,6,direct,840.0,SOMERSET,417.0,423.0,0.1736449231863759
WEST SUSSEX,6,indirect,36.0,SOMERSET,8.0,28.0,0.3385281385281385
WEST SUSSEX,7,direct,1093.0,SOMERSET,532.0,561.0,0.16745804905034115
WEST SUSSEX,7,indirect,42.0,SOMERSET,16.0,26.0,0.4377622377622377
WEST SUSSEX,8,direct,1093.0,SOMERSET,386.0,707.0,0.27599065325251737
WEST SUSSEX,8,indirect,48.0,SOMERSET,11.0,37.0,0.4285012285012285
WEST YORKSHIRE,6,direct,1682.0,SOUTH YORKSHIRE,325.0,1357.0,0.09788498040114355
WEST YORKSHIRE,6,indirect,583.0,SOUTH YORKSHIRE,27.0,556.0,0.1947756434028035
WEST YORKSHIRE,7,direct,1382.0,SOUTH YORKSHIRE,313.0,1069.0,0.07177075532585256
WEST YORKSHIRE,7,indirect,544.0,SOUTH YORKSHIRE,30.0,514.0,0.1430053351518312
WEST YORKSHIRE,8,direct,1437.0,SOUTH YORKSHIRE,302.0,1135.0,0.06351280648292004
WEST YORKSHIRE,8,indirect,493.0,SOUTH YORKSHIRE,26.0,467.0,0.14945760392061636
WESTERN ISLES,6,direct,4.0,HIGHLAND,0.0,4.0,0.0
WESTERN ISLES,7,direct,3.0,HIGHLAND,0.0,3.0,0.0
WESTERN ISLES,8,direct,4.0,HIGHLAND,0.0,4.0,0.25
WILTSHIRE,6,direct,2146.0,SOMERSET,627.0,1519.0,0.08789665628613669
WILTSHIRE,6,indirect,161.0,SOMERSET,31.0,130.0,0.2061926605504587
WILTSHIRE,7,direct,2063.0,SOMERSET,537.0,1526.0,0.12439793150011436
WILTSHIRE,7,indirect,185.0,SOMERSET,34.0,151.0,0.20093110152500152
WILTSHIRE,8,direct,2106.0,SOMERSET,783.0,1323.0,0.10481190037840282
WILTSHIRE,8,indirect,130.0,SOMERSET,15.0,115.0,0.29611088950937375
